Rank,School Rank,School,Team,Solved,Penalty,A,B,C,D,E,F,G,H,I,J,K,L,M,Dirt,Medal,Unofficial,Girl
1,1,北京理工大学,ddl战神,8,1111,+1(9),+1(167),-,+1(286),+1(52),-,+1(185),-,-,+1(35),+1(96),-,+1(281),0%,Gold,N,N
2,2,北京大学,3MA,7,588,+1(15),+1(85),-,+1(140),+1(45),-,+1(179),-,-,+1(71),+1(53),-,-4,0%,Gold,N,N
3,,北京大学,超长宕机,7,733,+1(18),+1(69),-,+1(260),+1(52),-,+1(176),-,-,+1(35),+1(123),-,-1,0%,Gold,N,N
4,3,清华大学,大伊万,7,812,+1(18),+1(298),-,+1(221),+1(42),-,+1(122),-,-,+1(32),+1(79),-,-,0%,Gold,N,N
5,4,东南大学,心做,7,821,+1(12),+1(141),-,-5,+1(54),-,+1(236),+1(214),-,+1(38),+1(126),-,-1,0%,Gold,N,N
6,5,上海交通大学,洒满黄浦江,7,928,+1(21),+1(221),-,-1,+1(33),-,+1(247),+1(294),-,+1(43),+1(69),-,-,0%,Gold,N,N
7,6,南方科技大学,南方科技大学-楚格,6,470,+1(22),+1(123),-,-1,+1(39),-2,+1(164),-,-,+1(16),+1(106),-,-2,0%,Gold,N,N
8,7,北京邮电大学,幸福安心养老所,6,486,+1(21),+1(100),-,-3,+1(53),-,+1(160),-,-,+1(38),+1(114),-,-,0%,Gold,N,N
9,8,东北师范大学,凛冬将逝,6,508,+1(10),-3,-,+1(227),+1(34),-,+1(132),-,-,+1(59),+1(46),-,-7,0%,Gold,N,N
10,,北京邮电大学,鸿蒙,6,547,+1(14),+1(52),-,-4,+1(71),-,+1(222),-,-,+1(84),+1(104),-,-10,0%,Gold,N,N
11,9,电子科技大学,UESTC_Best_Wife,6,550,+1(28),+1(92),-,-1,+1(69),-,+1(253),-,-,+1(41),+1(67),-,-,0%,Gold,N,N
12,10,华南理工大学,星辰闪耀,6,573,+1(14),+1(108),-,-,+1(36),-,+1(245),-,-,+1(61),+1(109),-,-5,0%,Gold,N,N
13,,东南大学,艾斯易悠-都行,6,591,+1(13),+1(177),-,-4,+1(40),-,+1(203),-,-,+1(55),+1(103),-,-,0%,Gold,N,N
14,11,杭州电子科技大学,int a,6,598,+1(29),+1(222),-,-1,+1(53),-,+1(187),-,-,+1(46),+1(61),-,-,0%,Gold,N,N
15,12,浙江大学,幽灵集团,6,604,+1(11),+1(219),-,-5,+1(27),-,+1(248),-,-,+1(33),+1(66),-,-3,0%,Gold,N,N
16,13,同济大学,机械化就输不了,6,607,+1(19),+1(154),-,-,+1(44),-,+1(215),-,-,+1(69),+1(106),-,-,0%,Gold,N,N
17,14,深圳大学,boomboomboom,6,616,+1(21),+1(141),-,-1,+1(52),-,+1(267),-,-,+1(36),+1(99),-,-,0%,Gold,N,N
18,15,华中科技大学,玩具阿萨姆运载车,6,640,+1(19),+1(71),-,-,+1(101),-,+1(193),-,-,+1(119),+1(137),-,-1,0%,Gold,N,N
19,,上海交通大学,空隙之线,6,646,+1(15),+1(194),-,-1,+1(31),-,+1(200),-,-,+1(63),+1(143),-,-6,0%,Gold,N,N
20,16,广东工业大学,猪猪冲冲冲,6,652,+1(12),+1(74),-,-,+1(104),-,+1(247),-,-,+1(92),+1(123),-,-3,0%,Gold,N,N
21,17,武汉大学,要迟到了,6,661,+1(20),-2,-,-,+1(37),-,+1(270),-,-,+1(47),+1(83),-,+1(204),0%,Gold,N,N
22,18,上海科技大学,未来道具研究所,6,668,+1(19),+1(177),-,-1,+1(53),-,+1(228),-,-,+1(63),+1(128),-,-,0%,Gold,N,N
23,,北京大学,我垫你们底,6,678,+1(29),-2,-,-,+1(67),-,+1(278),-,-,+1(41),+1(89),-,+1(174),0%,Gold,N,N
24,,电子科技大学,UESTC_网太慢直接掉线,6,693,+1(18),+1(174),-,-7,+1(60),-,+1(252),-,-,+1(48),+1(141),-,-,0%,Gold,N,N
25,19,西安交通大学,我得重新集结部队,6,709,+1(27),+1(212),-,-,+1(58),-,+1(185),-,-,+1(121),+1(106),-,-3,0%,Gold,N,N
26,20,浙江财经大学,渣男天团,6,731,+1(23),+1(117),-,-,+1(72),-,+1(252),-,-,+1(87),+1(180),-,-,0%,Gold,N,N
27,21,中国人民大学,三个和尚,6,796,+1(32),+1(155),-,-1,+1(60),-,+1(270),-,-,+1(67),+1(212),-,-,0%,Gold,N,N
28,22,华东师范大学,二环己基碳二亚胺,6,814,+1(20),+1(287),-,-,+1(39),-,+1(295),-,-,+1(63),+1(110),-,-2,0%,Gold,N,N
29,,武汉大学,末日时在做什么？有没有空?可以来WA一发吗？,6,824,+1(14),+1(243),-,-,+1(80),-,+1(292),-,-,+1(72),+1(123),-,-1,0%,Gold,N,N
30,,电子科技大学,UESTC_新月玫瑰,5,241,+1(24),+1(75),-,-,+1(53),-,-5,-,-,+1(45),+1(44),-,-7,0%,Gold,N,N
31,,中国人民大学,0sAC人,5,374,+1(9),+1(213),-,-,+1(39),-,-6,-,-,+1(27),+1(86),-,-5,0%,Gold,N,N
32,23,山东大学（威海）,玛珈山的朝阳,5,398,+1(17),-1,-,-,+1(37),-,+1(204),-,-,+1(74),+1(66),-1,-,0%,Gold,N,N
33,24,中南大学,再给我十分钟必过,5,400,+1(18),-6,-,-,+1(47),-,+1(173),-,-,+1(35),+1(127),-,-,0%,Gold,N,N
34,25,上海理工大学,明治十七年的上海爱丽丝,5,413,+1(9),-3,-,-,+1(32),-,+1(222),-,-,+1(53),+1(97),-,-,0%,Gold,N,N
35,,浙江大学,老师饿饿让让芙兰,5,416,+1(28),+1(145),-,-6,+1(72),-,-6,-,-,+1(56),+1(115),-,-,0%,Gold,N,N
36,,清华大学,狼的废弃,5,418,+1(15),+1(244),-,-,+1(30),-,-,-,-,+1(37),+1(92),-,-,0%,Gold,N,N
37,26,北京航空航天大学,奔跑的小菜鸡,5,428,+1(19),-,-,-,+1(50),-,+1(176),-,-,+1(44),+1(139),-,-,0%,Gold,N,N
37,26,浙江工商大学,最后之舞,5,428,+1(21),+1(220),-,-,+1(46),-,-7,-,-,+1(50),+1(91),-,-,0%,Gold,N,N
39,28,南京理工大学,跃迁的咕咕,5,430,+1(14),-3,-,-,+1(58),-,+1(177),-,-,+1(69),+1(112),-,-,0%,Gold,N,N
40,29,华南农业大学,SCAU_鬼火一响,5,435,+1(12),-11,-,-1,+1(47),-,+1(203),-,-,+1(67),+1(106),-,-,0%,Gold,N,N
41,,华中科技大学,路人ACMer的养成方法,5,447,+1(9),-1,-,-,+1(58),-,-1,-,-,+1(36),+1(127),-,+1(217),0%,Gold,N,N
42,,中国人民大学,它怎么WA了呢,5,461,+1(16),+1(223),-,-,+1(29),-,-2,-,-,+1(49),+1(144),-,-,0%,Gold,N,N
43,,华中科技大学,一壹一壹壹一壹一,5,469,+1(17),-2,-,-,+1(70),-,+1(216),-,-,+1(51),+1(115),-,-,0%,Gold,N,N
44,30,中山大学,卡布奇诺,5,470,+1(13),-4,-,-,+1(40),-,+1(270),-,-1,+1(57),+1(90),-,-,0%,Gold,N,N
44,30,厦门大学,叹为观止！,5,470,+1(18),-5,-,-1,+1(48),-,+1(285),-,-,+1(42),+1(77),-,-,0%,Gold,N,N
46,,北京邮电大学,见到你很高兴,5,485,+1(13),-2,-,-,+1(52),-,+1(204),-,-,+1(95),+1(121),-,-,0%,Gold,N,N
47,,中南大学,普通却自信,5,486,+1(15),-,-,-2,+1(61),-,+1(218),-,-,+1(70),+1(122),-,-,0%,Gold,N,N
48,32,兰州大学,奎恩先生,5,489,+1(25),-17,-,-,+1(40),-,+1(259),-,-,+1(33),+1(132),-,-2,0%,Gold,N,N
49,,南京理工大学,加力燃油器,5,492,+1(23),-2,-,-3,+1(59),-,+1(252),-,-,+1(43),+1(115),-,-,0%,Gold,N,N
50,33,中国科学技术大学,大小姐的下午茶时光,5,494,+1(10),-,-,-,+1(91),-,+1(208),-,-,+1(35),+1(150),-,-,0%,Gold,N,N
50,33,杭州师范大学,四面杵鸽,5,494,+1(21),-5,-,-,+1(38),-,+1(271),-,-,+1(55),+1(109),-,-,0%,Gold,N,N
52,35,中国科学院大学,骑士归来之时Ⅱ,5,508,+1(13),-2,-,-,+1(52),-,+1(252),-,-,+1(68),+1(123),-,-,0%,Silver,N,N
53,36,浙江师范大学,霞谷,5,525,+1(25),-,-,-,+1(58),-,+1(261),-,-,+1(37),+1(144),-,-,0%,Silver,N,N
54,,浙江大学,Refrain,5,527,+1(14),-,-,-1,+1(36),-,+1(177),-,-,+1(90),+1(210),-,-3,0%,Silver,N,N
55,,华中科技大学,春田花花初级中学,5,530,+1(21),-2,-,-,+1(43),-,+1(290),-,-,+1(48),+1(128),-,-,0%,Silver,N,N
56,37,南京大学,烟花,5,540,+1(18),-15,-,-,+1(45),-,+1(282),-,-,+1(101),+1(94),-,-,0%,Silver,N,N
57,38,长沙理工大学,小丑竟是我自己,5,548,+1(32),-13,-,-,+1(93),-,+1(227),-,-,+1(58),+1(138),-,-,0%,Silver,N,N
57,38,信息工程大学,人活着就是为了樱岛麻衣,5,548,+1(26),-2,-,-,+1(49),-,+1(290),-,-,+1(41),+1(142),-,-,0%,Silver,N,N
59,,武汉大学,队长说ghs不能太明显,5,549,+1(19),-3,-,-,+1(41),-,+1(279),-,-,+1(95),+1(115),-,-,0%,Silver,N,N
60,,华南理工大学,横渡珠江,5,554,+1(15),-7,-,-,+1(60),-,+1(243),-,-,+1(63),+1(173),-,-,0%,Silver,N,N
61,40,浙江工业大学,一路向北,5,565,+1(33),-,-,-,+1(61),-,+1(259),-,-,+1(79),+1(133),-,-,0%,Silver,N,N
62,41,济南大学,魔术师,5,566,+1(21),-,-,-,+1(88),-,+1(232),-,-,+1(54),+1(171),-,-,0%,Silver,N,N
63,42,合肥工业大学,临时队,5,573,+1(12),-6,-,-,+1(116),-,+1(219),-,-,+1(46),+1(180),-,-,0%,Silver,N,N
64,43,南京航空航天大学,yyb后援团,5,578,+1(21),-,-,-,+1(80),-,+1(194),-,-,+1(128),+1(155),-,-7,0%,Silver,N,N
65,,清华大学,焦哥要喝营养快线,5,603,+1(14),-7,-,-,+1(44),-,+1(281),-,-,+1(147),+1(117),-,-,0%,Silver,N,N
66,,北京邮电大学,莱鸡,5,604,+1(12),-1,-,-,+1(65),-,+1(272),-,-,+1(80),+1(175),-,-,0%,Silver,N,N
67,,杭州电子科技大学,Nowa,5,617,+1(54),-2,-,-,+1(65),-,+1(270),-,-,+1(86),+1(142),-,-,0%,Silver,N,N
68,44,桂林电子科技大学,海底捞不动,5,620,+1(34),-,-,-,+1(60),-,+1(266),-,-,+1(53),+1(207),-,-,0%,Silver,N,N
68,44,中国计量大学,一趴一躺一吃瓜,5,620,+1(26),-,-,-,+1(83),-,+1(295),-,-,+1(61),+1(155),-,-,0%,Silver,N,N
70,46,北京化工大学,啊，这,5,623,+1(37),-,-,-,+1(58),-,+1(261),-,-,+1(72),+1(195),-,-,0%,Silver,N,N
71,,南方科技大学,南方科技大学-日内瓦,5,625,+1(29),-1,-,-,+1(50),-,+1(241),-,-,+1(146),+1(159),-,-,0%,Silver,N,N
72,47,华东交通大学,远距离投石,5,628,+1(34),-14,-,-,+1(119),-,+1(258),-,-,+1(93),+1(124),-,-,0%,Silver,N,N
73,,厦门大学,你又会了,5,630,+1(28),-3,-,-,+1(53),-,+1(226),-,-,+1(75),+1(248),-,-,0%,Silver,N,N
74,48,河海大学,几丁质,5,641,+1(19),-1,-,-,+1(41),-,+1(299),-,-,+1(56),+1(226),-,-,0%,Silver,N,N
75,49,西安电子科技大学,蔚蓝,5,642,+1(19),-,-,-,+1(80),-,+1(258),-,-,+1(114),+1(171),-,-,0%,Silver,N,N
76,50,惠州学院,绽华之刻,5,643,+1(59),-2,-,-1,+1(93),-,+1(256),-,-,+1(73),+1(162),-,-,0%,Silver,N,N
77,51,长春理工大学,给我一杯Mojito,5,659,+1(39),-,-,-,+1(89),-,+1(298),-,-,+1(82),+1(151),-,-,0%,Silver,N,N
78,52,北京师范大学,人菜瘾大,5,675,+1(24),-,-,-,+1(80),-,+1(289),-,-,+1(56),+1(226),-,-,0%,Silver,N,N
78,52,中国地质大学（武汉）,胜天半子,5,675,+1(25),+1(293),-,-,+1(68),-,-,-,-,+1(106),+1(183),-,-,0%,Silver,N,N
80,54,山东科技大学,NCC1031 发现号,5,676,+1(41),-8,-,-5,+1(68),-,+1(246),-,-,+1(92),+1(229),-,-,0%,Silver,N,N
81,55,哈尔滨工程大学,R.M.T,5,680,+1(21),-1,-,-,+1(55),-,+1(298),-,-,+1(127),+1(179),-,-,0%,Silver,N,N
82,,南京航空航天大学,我全都要,5,749,+1(27),-2,-,-,+1(134),-,+1(274),-,-,+1(132),+1(182),-,-,0%,Silver,N,N
83,56,哈尔滨工业大学（威海）,掘金打铁,5,751,+1(17),-1,-,-,+1(53),-,+1(272),-,-,+1(212),+1(197),-,-,0%,Silver,N,N
84,57,浙江理工大学,你好骚啊,5,780,+1(17),-,-,-,+1(170),-,+1(283),-,-,+1(109),+1(201),-,-,0%,Silver,N,N
85,58,齐鲁工业大学,最后一站,5,799,+1(25),-,-,-,+1(53),-,+1(289),-,-,+1(206),+1(226),-,-,0%,Silver,N,N
86,,同济大学,黄渡代码俱乐部,5,809,+1(21),-,-,-,+1(57),-,+1(288),-,-,+1(241),+1(202),-,-,0%,Silver,N,N
87,59,华东师范大学（软件）,玉米炒葡萄,4,199,+1(21),-4,-,-,+1(49),-,-3,-,-,+1(40),+1(89),-,-,0%,Silver,N,N
88,,中山大学,未完待续,4,207,+1(19),-12,-,-,+1(54),-,-,-,-,+1(35),+1(99),-,-,0%,Silver,N,N
89,,武汉大学,啊啊啊啊唉,4,211,+1(22),-7,-,-,+1(42),-,-6,-,-,+1(56),+1(91),-,-,0%,Silver,N,N
90,,北京大学,好丽友派,4,213,+1(16),-2,-,-3,+1(47),-,-,-,-,+1(52),+1(98),-,-1,0%,Silver,N,N
90,60,大连理工大学,打铁上班,4,213,+1(21),-3,-,-,+1(44),-,-,-,-,+1(35),+1(113),-,-,0%,Silver,N,N
92,61,吉林大学,青眼白龙,4,214,+1(17),-3,-,-,+1(44),-,-6,-,-,+1(51),+1(102),-,-,0%,Silver,N,N
93,,南京大学,别卷了别卷了,4,224,+1(27),-1,-,-1,+1(60),-,-1,-,-,+1(41),+1(96),-,-,0%,Silver,N,N
94,62,四川大学,穷极土块,4,225,+1(12),-5,-,-,+1(54),-,-5,-,-,+1(39),+1(120),-,-,0%,Silver,N,N
95,63,青岛大学,AC钙奶,4,232,+1(25),-2,-,-1,+1(52),-,-4,-,-,+1(47),+1(108),-,-,0%,Silver,N,N
96,64,天津大学,金川银川，不如咱的铁川,4,236,+1(19),-,-,-,+1(50),-,-4,-,-,+1(53),+1(114),-,-,0%,Silver,N,N
97,,华南理工大学,清炖鸽子汤,4,238,+1(15),-7,-,-,+1(42),-,-,-,-,+1(56),+1(125),-,-,0%,Silver,N,N
98,,深圳大学,Jik Sapzi,4,245,+1(18),-,-,-,+1(46),-,-3,-,-,+1(53),+1(128),-,-,0%,Silver,N,N
99,,北京理工大学,迪杰斯特拉大战特斯拉,4,247,+1(13),-3,-,-,+1(67),-,-6,-,-,+1(30),+1(137),-,-,0%,Silver,N,N
100,65,西北大学,滑滑蛋,4,252,+1(25),-2,-,-,+1(62),-,-,-,-,+1(47),+1(118),-,-,0%,Silver,N,N
100,65,东北林业大学,先WA一发,4,252,+1(25),-,-,-,+1(56),-,-8,-,-,+1(44),+1(127),-,-,0%,Silver,N,N
100,65,浙大宁波理工学院,电脑开机就算成功,4,252,+1(26),-,-,-1,+1(38),-,-,-,-,+1(45),+1(143),-,-,0%,Silver,N,N
103,,北京理工大学,putchar,4,255,+1(16),-,-,-,+1(46),-,-7,-,-,+1(32),+1(161),-,-,0%,Silver,N,N
104,,四川大学,想买显卡,4,256,+1(24),-,-,-,+1(63),-,-2,-,-,+1(61),+1(108),-,-,0%,Silver,N,N
104,,北京航空航天大学,火锅队,4,256,+1(18),-1,-,-10,+1(46),-,-,-,-,+1(77),+1(115),-,-,0%,Silver,N,N
104,68,杭州电子科技大学信息工程学院,小人物,4,256,+1(21),-9,-,-,+1(58),-,-,-,-,+1(43),+1(134),-,-,0%,Silver,N,N
107,,南京大学,鸽屋咕,4,258,+1(22),-15,-,-1,+1(59),-,-,-,-,+1(62),+1(115),-,-,0%,Silver,N,N
108,,浙江工业大学,耶梦加得,4,260,+1(11),-4,-,-,+1(57),-,-,-,-1,+1(36),+1(156),-,-,0%,Silver,N,N
109,,北京师范大学,北师二队,4,262,+1(24),-5,-,-,+1(61),-,-3,-,-,+1(26),+1(151),-,-,0%,Silver,N,N
110,69,东北大学,河童重工,4,263,+1(30),-4,-,-,+1(20),-,-5,-,-,+1(52),+1(161),-,-,0%,Silver,N,N
111,,天津大学,背着队友偷偷WA,4,265,+1(31),-,-,-16,+1(64),-,-1,-,-,+1(53),+1(117),-,-,0%,Silver,N,N
111,70,江西师范大学,自码小队,4,265,+1(20),-5,-,-,+1(60),-,-,-,-,+1(35),+1(150),-,-,0%,Silver,N,N
113,,大连理工大学,优哉游戏,4,267,+1(40),-5,-,-,+1(63),-,-4,-,-,+1(34),+1(130),-,-,0%,Silver,N,N
113,,浙大宁波理工学院,世界最后之日,4,267,+1(17),-1,-,-,+1(82),-,-,-,-,+1(31),+1(137),-,-,0%,Silver,N,N
115,,北京化工大学,我只能爬,4,269,+1(16),-3,-,-,+1(59),-,-9,-,-,+1(46),+1(148),-,-,0%,Silver,N,N
116,71,武汉科技大学,憨包王,4,271,+1(32),-2,-,-,+1(68),-,-,-,-,+1(47),+1(124),-,-,0%,Silver,N,N
117,72,东北大学秦皇岛分校,neuq-ubuntu,4,272,+1(25),-6,-,-,+1(42),-,-4,-,-,+1(35),+1(170),-,-,0%,Silver,N,N
117,,西安电子科技大学,答案,4,272,+1(9),-2,-,-,+1(18),-,-4,-,-,+1(30),+1(215),-,-,0%,Silver,N,N
119,73,南京师范大学,这么巧，你也在上网冲浪啊,4,274,+1(18),-2,-,-,+1(68),-,-,-,-,+1(54),+1(134),-,-,0%,Silver,N,N
120,,华南理工大学,橘猫也想打比赛,4,276,+1(49),-3,-,-,+1(74),-,-2,-,-,+1(25),+1(128),-,-,0%,Silver,N,N
121,,浙江工业大学,ZJUT10,4,277,+1(17),-4,-,-,+1(69),-,-1,-,-,+1(38),+1(153),-,-,0%,Silver,N,N
121,,兰州大学,日常想不出名字,4,277,+1(22),-2,-,-,+1(52),-,-,-,-,+1(41),+1(162),-,-,0%,Silver,N,N
123,,西安电子科技大学,嘤嘤嘤,4,278,+1(30),-3,-,-,+1(42),-,-4,-,-,+1(110),+1(96),-,-,0%,Silver,N,N
123,74,福州大学,重振现场赛荣光，吾辈义不容辞,4,278,+1(36),-2,-,-,+1(60),-,-10,-,-,+1(58),+1(124),-,-,0%,Silver,N,N
125,75,上海大学,我的算法题哪有那么简单！,4,281,+1(20),-,-,-,+1(41),-,-6,-,-,+1(59),+1(161),-,-,0%,Silver,N,N
125,75,太原理工大学,九章算树,4,281,+1(17),-,-,-,+1(50),-,-3,-,-,+1(34),+1(180),-,-,0%,Silver,N,N
127,77,中国石油大学（北京）,好山好水好地方,4,283,+1(27),-,-,-,+1(68),-,-6,-,-,+1(44),+1(144),-,-,0%,Silver,N,N
128,,南京大学,还没想好叫什么,4,287,+1(28),-1,-,-,+1(82),-,-3,-,-,+1(70),+1(107),-,-,0%,Silver,N,N
129,,浙江工业大学,一个梦想两个梦想三个梦想,4,288,+1(17),-,-,-,+1(53),-,-4,-,-,+1(34),+1(184),-,-,0%,Silver,N,N
130,78,长安大学,打完比赛去吃黄焖鸡,4,289,+1(28),-3,-,-,+1(65),-,-,-,-,+1(52),+1(144),-,-,0%,Silver,N,N
130,78,西北工业大学,拿到银牌就算成功,4,289,+1(23),-,-1,-,+1(70),-,-4,-,-,+1(39),+1(157),-,-,0%,Silver,N,N
132,,华东师范大学,阿萨打发撒,4,291,+1(17),-4,-,-,+1(64),-,-5,-,-,+1(54),+1(156),-,-,0%,Silver,N,N
133,80,浙江农林大学,春田花花幼儿园,4,292,+1(13),-1,-,-1,+1(59),-,-2,-,-,+1(32),+1(188),-,-9,0%,Silver,N,N
134,81,重庆大学,我们想peach,4,294,+1(15),-2,-,-,+1(38),-,-2,-,-,+1(124),+1(117),-,-,0%,Silver,N,N
134,,哈尔滨工业大学（威海）,芜湖摸鱼,4,294,+1(15),-10,-,-,+1(33),-,-11,-,-,+1(116),+1(130),-,-,0%,Silver,N,N
134,,太原理工大学,百闻不如一见队,4,294,+1(35),-3,-,-,+1(57),-,-,-,-,+1(70),+1(132),-,-,0%,Silver,N,N
137,,电子科技大学,UESTC_Afterglow,4,299,+1(32),-2,-,-,+1(58),-,-4,-,-,+1(80),+1(129),-,-,0%,Silver,N,N
138,82,东华大学,原神,4,301,+1(20),-,-,-,+1(62),-,-4,-,-,+1(57),+1(162),-,-,0%,Silver,N,N
139,,天津大学,我们都是好孩子,4,302,+1(33),-,-,-,+1(58),-,-,-,-,+1(73),+1(138),-,-,0%,Silver,N,N
139,83,中国海洋大学,我知道了,4,302,+1(29),-3,-,-,+1(51),-,-,-,-,+1(65),+1(157),-,-,0%,Silver,N,N
141,84,哈尔滨工业大学(深圳）,阿鲁巴,4,303,+1(11),-1,-,-,+1(42),-,-1,-,-,+1(128),+1(122),-,-,0%,Silver,N,N
142,85,合肥学院,终局之战,4,304,+1(20),-1,-,-,+1(55),-,-7,-,-,+1(72),+1(157),-,-,0%,Silver,N,N
143,86,华南师范大学,评测失败,4,307,+1(18),-,-,-,+1(43),-,-2,-,-,+1(70),+1(176),-,-,0%,Silver,N,N
144,87,西南民族大学,六十年春华秋实,4,310,+1(30),-,-,-,+1(79),-,-5,-,-,+1(48),+1(153),-,-,0%,Silver,N,N
145,88,金陵科技学院,yjj今晚就要,4,311,+1(37),-,-,-,+1(73),-,-7,-,-,+1(52),+1(149),-1,-,0%,Silver,N,N
146,,西安电子科技大学,灵稽一动,4,312,+1(19),-2,-,-1,+1(76),-,-5,-,-,+1(62),+1(155),-,-,0%,Silver,N,N
147,,华南师范大学,"""WAAA,'S""",4,315,+1(21),-,-,-,+1(41),-,-2,-,-,+1(66),+1(187),-,-,0%,Silver,N,N
148,,北京理工大学,摸鱼两年半,4,319,+1(25),-,-,-,+1(82),-,-6,-,-,+1(63),+1(149),-,-,0%,Silver,N,N
149,89,苏州大学,还是补题去吧,4,322,+1(14),-2,-,-,+1(52),-,-6,-,-,+1(98),+1(158),-,-,0%,Silver,N,N
150,90,北京科技大学,钠克,4,327,+1(32),-2,-,-,+1(62),-,-,-,-,+1(75),+1(158),-,-,0%,Silver,N,N
151,,上海大学,Mega进化,4,330,+1(19),-,-,-,+1(64),-,-13,-,-,+1(47),+1(200),-,-,0%,Bronze,N,N
152,,东北大学,时间拖延,4,331,+1(16),-3,-,-,+1(45),-,-8,-,-,+1(116),+1(154),-,-,0%,Bronze,N,N
152,91,湖南工业大学,a完这题去骑车,4,331,+1(32),-9,-,-,+1(74),-,-,-,-,+1(55),+1(170),-,-,0%,Bronze,N,N
154,92,中国矿业大学,矿课,4,332,+1(50),-,-,-,+1(67),-,-7,-,-,+1(74),+1(141),-,-,0%,Bronze,N,N
155,,哈尔滨工业大学(深圳）,逆流沙,4,335,+1(19),-3,-,-,+1(58),-,-3,-,-,+1(132),+1(126),-,-,0%,Bronze,N,N
156,93,江南大学,可是A不得,4,336,+1(27),-6,-,-,+1(84),-,-,-,-,+1(54),+1(171),-,-,0%,Bronze,N,N
157,,兰州大学,一切都是最好的,4,339,+1(28),-4,-,-,+1(110),-,-,-,-,+1(48),+1(153),-,-,0%,Bronze,N,N
157,94,北京工业大学,我在北极挖GitHub胶卷,4,339,+1(27),-,-,-,+1(50),-,-10,-,-,+1(104),+1(158),-,-,0%,Bronze,N,N
157,94,南昌大学,南中附大放铳队,4,339,+1(20),-,-,-,+1(66),-,-,-,-,+1(42),+1(211),-,-,0%,Bronze,N,N
160,,山东大学（威海）,玛珈山的LCY,4,342,+1(13),-,-,-,+1(45),-,-,-,-,+1(61),+1(223),-,-,0%,Bronze,N,N
161,96,华北水利水电大学,GOAT,4,345,+1(49),-,-,-,+1(55),-,-,-,-,+1(73),+1(168),-,-,0%,Bronze,N,N
162,,中国矿业大学,自动AC鸡,4,346,+1(39),-3,-,-,+1(48),-,-,-,-,+1(72),+1(187),-,-,0%,Bronze,N,N
162,,浙江师范大学,快想个队名,4,346,+1(24),+1(201),-,-,+1(51),-,-,-,-,+1(70),-2,-,-,0%,Bronze,N,N
164,,青岛大学,我们想要气球,4,348,+1(17),-1,-,-,+1(48),-,-3,-,-,+1(97),+1(186),-,-,0%,Bronze,N,N
165,97,哈尔滨理工大学,哈理工01队,4,352,+1(41),-1,-,-,+1(60),-,-6,-,-,+1(47),+1(204),-,-,0%,Bronze,N,N
165,,哈尔滨工程大学,你们队名就叫这个呀,4,352,+1(21),-,-,-,+1(45),-,-3,-,-,+1(66),+1(220),-,-,0%,Bronze,N,N
167,98,南京邮电大学,快进到AC,4,356,+1(20),-,-,-,+1(57),-,-6,-,-,+1(81),+1(198),-,-,0%,Bronze,N,N
168,,四川大学,随机对,4,357,+1(26),-,-,-,+1(42),-,-,-,-,+1(56),+1(233),-,-,0%,Bronze,N,N
169,99,北京林业大学,冲就完事,4,359,+1(26),-,-,-,+1(70),-,-,-,-,+1(93),+1(170),-,-,0%,Bronze,N,N
169,99,南华大学,我宣布个事儿,4,359,+1(32),-,-,-,+1(77),-,-3,-,-,+1(46),+1(204),-,-,0%,Bronze,N,N
169,99,北京信息科技大学,二次元去死,4,359,+1(22),-,-,-,+1(39),-,-8,-,-,+1(76),+1(222),-,-,0%,Bronze,N,N
172,,太原理工大学,蓝翔WA掘机,4,362,+1(24),-,-,-,+1(96),-,-7,-,-,+1(46),+1(196),-,-,0%,Bronze,N,N
173,102,西南交通大学,粑拉拉小魔仙,4,363,+1(51),-3,-,-,+1(130),-,-12,-,-,+1(56),+1(126),-,-,0%,Bronze,N,N
174,,青岛大学,均衡教派,4,366,+1(19),-,-,-,+1(45),-,-8,-,-,+1(132),+1(170),-,-,0%,Bronze,N,N
174,103,中国石油大学,五行不缺水木火土,4,366,+1(29),-1,-,-,+1(66),-,-5,-,-,+1(67),+1(204),-,-,0%,Bronze,N,N
176,,东南大学,猛男,4,367,+1(22),-4,-,-,+1(54),-,-,-,-,+1(76),+1(215),-,-,0%,Bronze,N,N
176,,山东科技大学,NCC31911 萨拉托加号,4,367,+1(22),-1,-,-,+1(57),-,-1,-,-,+1(46),+1(242),-,-,0%,Bronze,N,N
178,104,南通大学,扬帆社,4,369,+1(28),-,-,-,+1(98),-,-7,-,-,+1(53),+1(190),-,-,0%,Bronze,N,N
179,105,宁波大学,快乐的小马驹,4,370,+1(12),-2,-,-,+1(57),-,-4,-,-,+1(112),+1(189),-,-,0%,Bronze,N,N
179,105,青岛科技大学,故事会,4,370,+1(28),-,-,-,+1(54),-,-,-,-,+1(37),+1(251),-,-,0%,Bronze,N,N
181,,浙江理工大学,想不出名字,4,371,+1(20),-,-,-,+1(66),-,-7,-,-,+1(99),+1(186),-,-,0%,Bronze,N,N
181,107,香港中文大学（深圳）,八百标兵奔北坡,4,371,+1(28),-,-,-,+1(75),-,-,-,-,+1(76),+1(192),-,-,0%,Bronze,N,N
183,,南京邮电大学,一相之力,4,374,+1(22),-,-,-,+1(69),-,-,-,-,+1(40),+1(243),-,-,0%,Bronze,N,N
184,108,吉首大学,三条酸菜鱼,4,375,+1(28),-,-,-,+1(91),-,-1,-,-,+1(49),+1(207),-,-,0%,Bronze,N,N
185,109,山东师范大学,快攻猛男,4,377,+1(24),-,-,-,+1(66),-,-10,-,-,+1(95),+1(192),-,-,0%,Bronze,N,N
186,,东华大学,喜欢打问号？,4,381,+1(38),-,-,-,+1(74),-,-9,-,-,+1(55),+1(214),-,-,0%,Bronze,N,N
187,,河海大学,可爱星星飞天撞,4,383,+1(19),-,-,-,+1(43),-,-6,-,-,+1(113),+1(208),-,-,0%,Bronze,N,N
187,110,中国矿业大学(北京),淡黄的长裙,4,383,+1(26),-3,-,-,+1(23),-,-,-,-,+1(83),+1(251),-,-,0%,Bronze,N,N
189,111,湖北工业大学,来者可追,4,385,+1(32),-,-,-,+1(72),-,-,-,-,+1(50),+1(231),-,-,0%,Bronze,N,N
189,,华南农业大学,火焰獠牙,4,385,+1(38),-3,-,-,+1(62),-,-,-,-,+1(46),+1(239),-,-,0%,Bronze,N,N
191,112,华中师范大学,锅锅锅,4,386,+1(25),-,-,-,+1(58),-,-,-,-,+1(133),+1(170),-,-,0%,Bronze,N,N
192,113,嘉应学院,123a,4,387,+1(38),-,-,-,+1(94),-,-,-,-,+1(77),+1(178),-,-,0%,Bronze,N,N
192,,东北师范大学,黎明初晓,4,387,+1(24),-5,-,-,+1(55),-1,-2,-,-,+1(69),+1(239),-,-,0%,Bronze,N,N
194,114,中北大学,哥哥带带我,4,388,+1(29),-,-,-,+1(72),-,-1,-,-,+1(48),+1(239),-,-,0%,Bronze,N,N
195,,西南民族大学,将愿望折纸飞机寄成信,4,389,+1(44),-3,-,-,+1(81),-,-3,-,-,+1(115),+1(149),-,-,0%,Bronze,N,N
195,115,武汉理工大学,关于铁匠两次打铁这件事,4,389,+1(18),-,-,-,+1(54),-,-8,-,-,+1(143),+1(174),-,-,0%,Bronze,N,N
195,,长春理工大学,嗨呀好急呀,4,389,+1(19),-,-,-,+1(124),-,-13,-,-,+1(58),+1(188),-,-,0%,Bronze,N,N
195,115,青岛理工大学,打酱油就行,4,389,+1(36),-,-,-,+1(82),-,-1,-,-,+1(52),+1(219),-,-,0%,Bronze,N,N
199,,东北大学秦皇岛分校,neuq-friday,4,390,+1(17),-,-,-,+1(62),-,-3,-,-,+1(164),+1(147),-,-,0%,Bronze,N,N
199,,哈尔滨理工大学,哈理工06队,4,390,+1(20),-,-,-,+1(77),-,-3,-,-,+1(112),+1(181),-,-,0%,Bronze,N,N
201,117,浙江工商大学杭州商学院,铜奖收割机,4,391,+1(20),-,-1,-,+1(69),-,-,-6,-,+1(43),+1(259),-,-,0%,Bronze,N,N
202,118,北方工业大学,你有一个极好的,4,392,+1(32),-6,-,-,+1(80),-,-2,-,-,+1(68),+1(212),-,-,0%,Bronze,N,N
203,,青岛大学,海底捞一队,4,394,+1(22),-5,-,-,+1(59),-,-2,-,-,+1(137),+1(176),-,-,0%,Bronze,N,N
204,,中国矿业大学,403 禁止访问,4,396,+1(22),-,-,-,+1(89),-,-,-,-,+1(43),+1(242),-,-,0%,Bronze,N,N
205,119,四川师范大学,we mid out a traitor,4,397,+1(31),-,-,-,+1(66),-,-5,-,-,+1(85),+1(215),-,-,0%,Bronze,N,N
206,,华南师范大学,DeDeRong,4,398,+1(29),-,-,-,+1(72),-,-5,-,-,+1(96),+1(201),-,-,0%,Bronze,N,N
207,,上海大学,秒wa种子队,4,399,+1(42),-2,-,-,+1(62),-,-,-,-,+1(120),+1(175),-,-,0%,Bronze,N,N
207,,杭州师范大学,交流电,4,399,+1(22),-,-,-,+1(51),-,-,-,-,+1(91),+1(235),-,-,0%,Bronze,N,N
209,120,电子科技大学中山学院,椭圆卤蛋中学,4,402,+1(28),-21,-,-,+1(74),-,-,-,-,+1(95),+1(205),-,-,0%,Bronze,N,N
210,,太原理工大学,蛙精对,4,403,+1(26),-,-,-,+1(114),-,-,-,-,+1(85),+1(178),-,-,0%,Bronze,N,N
210,,南京航空航天大学,50包邮出队友黑屏开不了机的NS,4,403,+1(28),-,-,-,+1(59),-,-,-,-,+1(104),+1(212),-,-2,0%,Bronze,N,N
212,121,郑州轻工业大学,分个块，排个序,4,404,+1(27),-,-,-,+1(153),-,-7,-,-,+1(37),+1(187),-,-,0%,Bronze,N,N
212,121,中国地质大学（北京）,名字不好起,4,404,+1(29),-,-,-,+1(74),-,-,-,-,+1(54),+1(247),-,-,0%,Bronze,N,N
214,,西北大学,纸片人,4,406,+1(28),-,-,-,+1(62),-,-,-,-,+1(105),+1(211),-,-,0%,Bronze,N,N
215,123,大连海事大学,哇咔咔哈哈,4,412,+1(29),-,-,-,+1(92),-,-6,-,-,+1(70),+1(221),-,-,0%,Bronze,N,N
216,124,暨南大学,这个成绩，令人汗颜,4,413,+1(35),-,-,-,+1(80),-,-,-,-,+1(60),+1(238),-,-,0%,Bronze,N,N
217,,郑州轻工业大学,neo-aspect,4,414,+1(28),-,-,-,+1(154),-,-4,-,-,+1(39),+1(193),-,-,0%,Bronze,N,N
218,125,安徽大学,鸽子机,4,422,+1(36),-,-,-,+1(103),-,-4,-,-,+1(82),+1(201),-,-,0%,Bronze,N,N
219,126,长春工业大学,三个炼金术士,4,424,+1(24),-,-,-,+1(104),-,-1,-,-,+1(60),+1(236),-,-,0%,Bronze,N,N
220,127,黑龙江大学,拭暗晨曦,4,425,+1(25),-,-,-,+1(120),-2,-3,-,-,+1(80),+1(200),-,-,0%,Bronze,N,N
221,,合肥工业大学,打铁先到先得,4,428,+1(30),-,-,-,+1(43),-,-,-,-,+1(195),+1(160),-,-,0%,Bronze,N,N
222,,深圳大学,Team of GB,4,429,+1(45),-,-,-6,+1(43),-,-4,-,-,+1(224),+1(117),-,-,0%,Bronze,N,N
222,,北京师范大学,恰饭六队,4,429,+1(18),-,-,-,+1(67),-,-,-,-,+1(81),+1(263),-1,-,0%,Bronze,N,N
224,,东北大学秦皇岛分校,嘭哈波,4,432,+1(22),-,-,-,+1(83),-,-,-,-,+1(51),+1(276),-,-,0%,Bronze,N,N
225,128,北京联合大学,Poineer,4,441,+1(34),-,-,-,+1(114),-,-1,-,-,+1(86),+1(207),-,-,0%,Bronze,N,N
226,,青岛理工大学,海神三叉戟,4,442,+1(49),-,-,-,+1(84),-,-1,-,-,+1(108),+1(201),-,-,0%,Bronze,N,N
227,,同济大学,济鸽,4,445,+1(16),-10,-,-,+1(198),-,-,-,-,+1(54),+1(177),-,-,0%,Bronze,N,N
228,129,闽南师范大学,平衡栈,4,451,+1(45),-,-,-,+1(92),-,-,-,-,+1(111),+1(203),-,-,0%,Bronze,N,N
229,,东北林业大学,给大佬倒杯卡布奇诺,4,455,+1(34),-3,-,-,+1(100),-,-,-,-,+1(94),+1(227),-,-,0%,Bronze,N,N
230,,武汉理工大学,team007,4,456,+1(43),-,-,-,+1(90),-,-,-,-,+1(95),+1(228),-,-,0%,Bronze,N,N
231,130,中原工学院,中工软件,4,457,+1(28),-1,-1,-,+1(73),-,-,-,-,+1(97),+1(259),-,-,0%,Bronze,N,N
231,,杭州电子科技大学,Slayer comes,4,457,+1(20),-,-,-2,+1(86),-,-,-,-,+1(65),+1(286),-,-,0%,Bronze,N,N
233,131,四川轻化工大学,阿廖沙,4,462,+1(31),-2,-,-,+1(160),-,-,-,-,+1(84),+1(187),-,-,0%,Bronze,N,N
233,131,中南民族大学,退役赛时在做什么？有没有空？可以来AK吗？,4,462,+1(30),-,-,-,+1(69),-,-,-,-,+1(91),+1(272),-,-,0%,Bronze,N,N
235,,同济大学,电脑一带三,4,464,+1(25),-1,-,-,+1(49),-,-,-,-,+1(126),+1(264),-,-,0%,Bronze,N,N
235,,重庆大学,一斤甲鱼,4,464,+1(21),-,-,-,+1(83),-,-10,-,-,+1(92),+1(268),-,-,0%,Bronze,N,N
237,,山东师范大学,逆风,4,472,+1(55),-2,-,-,+1(109),-,-4,-,-,+1(109),+1(199),-,-,0%,Bronze,N,N
237,,中国石油大学（北京）,风吹稻香花两岸,4,472,+1(42),-,-,-,+1(129),-,-,-,-,+1(56),+1(245),-,-,0%,Bronze,N,N
239,133,新疆大学,三朵棉花,4,477,+1(34),-,-,-,+1(65),-,-11,-,-,+1(146),+1(232),-,-,0%,Bronze,N,N
240,,安徽大学,星空,4,479,+1(55),-2,-,-,+1(95),-,-,-,-,+1(126),+1(203),-,-,0%,Bronze,N,N
241,134,河北师范大学,黎明之光,4,480,+1(30),-,-,-,+1(89),-,-,-,-,+1(68),+1(293),-,-,0%,Bronze,N,N
242,,江西师范大学,溢血浅耻,4,489,+1(72),-,-,-,+1(132),-,-,-,-,+1(104),+1(181),-,-,0%,Bronze,N,N
243,135,鲁东大学,是我梦里的金闪闪吗,4,490,+1(36),-1,-,-,+1(157),-,-,-,-1,+1(77),+1(220),-,-,0%,Bronze,N,N
244,,华南农业大学,我感觉贼队,4,493,+1(40),-,-,-,+1(86),-,-,-,-,+1(79),+1(288),-,-,0%,Bronze,N,N
245,,西北工业大学,高强度水群,4,494,+1(38),-1,-,-,+1(74),-,-,-,-,+1(147),+1(235),-,-,0%,Bronze,N,N
246,,中国矿业大学,日暮途远,4,499,+1(27),-1,-,-,+1(61),-,-,-,-,+1(127),+1(284),-,-,0%,Bronze,N,N
247,,西安电子科技大学,三棵二叉树,4,505,+1(26),-1,-,-2,+1(58),-,-,-,-,+1(133),+1(288),-,-,0%,Bronze,N,N
248,136,四川大学锦城学院,不会吧不会吧,4,507,+1(66),-,-,-,+1(110),-,-,-,-1,+1(122),+1(209),-,-,0%,Bronze,N,N
249,,广东工业大学,静寂之声,4,508,+1(73),-2,-,-,+1(71),-,-,-,-,+1(101),+1(263),-,-,0%,Bronze,N,N
250,137,成都信息工程大学,我们写的代码都是诗,4,515,+1(39),-,-,-,+1(132),-,-1,-,-,+1(63),+1(281),-,-,0%,Bronze,N,N
251,,苏州大学,改个积极的队名,4,518,+1(28),-1,-,-,+1(97),-,-4,-,-,+1(94),+1(299),-,-,0%,Bronze,N,N
252,,浙江农林大学,WA自动机,4,521,+1(41),-4,-,-,+1(106),-,-,-,-,+1(110),+1(264),-,-,0%,Bronze,N,N
253,,东北大学,好想摸鱼,4,522,+1(36),-3,-,-,+1(159),-,-,-,-,+1(52),+1(275),-,-,0%,Bronze,N,N
254,,浙江理工大学,咕咕自动稽,4,524,+1(29),-4,-,-,+1(83),-,-,-,-,+1(221),+1(191),-,-,0%,Bronze,N,N
255,138,西南交大峨眉校区,B+战队,4,543,+1(40),-,-,-,+1(120),-,-,-,-,+1(101),+1(282),-,-,0%,Bronze,N,N
255,,吉首大学,WA来哒,4,543,+1(48),-,-,-,+1(114),-,-,-,-,+1(83),+1(298),-,-,0%,Bronze,N,N
257,,西南交通大学,唯,4,549,+1(26),-,-,-5,+1(76),-,-,-,-,+1(157),+1(290),-,-,0%,Bronze,N,N
258,,华北水利水电大学,有人，脸上，破甲，大残，奈斯，扶我,4,551,+1(24),-2,-,-,+1(157),-,-,-,-,+1(129),+1(241),-,-,0%,Bronze,N,N
259,139,山东财经大学,金牌快快来,4,556,+1(72),-1,-,-,+1(139),-,-,-,-,+1(60),+1(285),-,-,0%,Bronze,N,N
260,,华中师范大学,优衣说一,4,557,+1(36),-,-,-,+1(90),-,-,-,-,+1(164),+1(267),-,-,0%,Bronze,N,N
261,,湖南工业大学,丝滑拿铁,4,562,+1(67),-,-,-,+1(127),-,+1(274),-,-,+1(94),-,-,-,0%,Bronze,N,N
262,,南方科技大学,南方科技大学-施维茨,4,583,+1(58),-,-,-,+1(45),-,-,-,-,+1(189),+1(291),-,-,0%,Bronze,N,N
263,140,安徽师范大学,深蓝之痕,4,608,+1(63),-,-,-,+1(170),-,-,-,-,+1(119),+1(256),-,-,0%,Bronze,N,N
264,,新疆大学,向犇犇犇低头,4,609,+1(64),-2,-,-,+1(124),-,-,-,-,+1(147),+1(274),-,-,0%,Bronze,N,N
265,,北京科技大学,巴斯码,4,610,+1(52),-,-,-,+1(112),-,-3,-,-,+1(211),+1(235),-,-,0%,Bronze,N,N
265,,哈尔滨工业大学(深圳）,天天向上,4,610,+1(28),-,-,-,+1(74),-,-1,-,-,+1(257),+1(251),-,-,0%,Bronze,N,N
267,141,燕山大学,来自东方的神秘力量,4,642,+1(111),-,-,-,+1(215),-,-1,-,-,+1(95),+1(221),-,-,0%,Bronze,N,N
268,,东北大学,管管无敌,4,652,+1(38),-,-,-,+1(64),-,-,-,-,+1(259),+1(291),-,-,0%,Bronze,N,N
269,,中北大学,队名叫啥,4,667,+1(22),-1,-1,-,+1(202),-,-,-,-,+1(163),+1(280),-,-1,0%,Bronze,N,N
270,,浙江师范大学,Firework,4,686,+1(18),-,-,-,+1(123),-,-,-,-,+1(265),+1(280),-,-,0%,Bronze,N,N
271,142,长沙学院,T罗奥特曼,4,749,+1(105),-,-,-,+1(195),-,-,-,-,+1(171),+1(278),-,-,0%,Bronze,N,N
272,,江南大学,江南铁队,3,104,+1(17),-,-,-,+1(52),-,-,-,-,+1(35),-5,-,-,0%,Bronze,N,N
273,,重庆大学,几何冲刺,3,105,+1(18),-,-,-,+1(39),-,-,-,-,+1(48),-7,-,-,0%,Bronze,N,N
274,,福州大学,给本公主上个全银川最好的酸辣粉,3,111,+1(14),-,-,-,+1(70),-,-8,-,-,+1(27),-9,-,-,0%,Bronze,N,N
275,,东北大学,我想要一个粉色气球,3,112,+1(25),-1,-,-,+1(43),-,-,-,-,+1(44),-13,-,-7,0%,Bronze,N,N
276,,杭州师范大学,果宝三剑客,3,133,+1(26),-,-,-1,+1(61),-,-,-,-,+1(46),-8,-,-,0%,Bronze,N,N
276,,福州大学,新建文本文档.txt,3,133,+1(23),-,-1,-,+1(65),-,-1,-,-,+1(45),-12,-,-,0%,Bronze,N,N
278,,北京航空航天大学,地址过低,3,144,+1(15),-1,-,-,+1(47),-,-,-,-1,+1(82),-9,-,-,0%,Bronze,N,N
279,143,浙江万里学院,苗妙妙养了一只喵叫喵妙,3,145,+1(21),-,-,-,+1(67),-,-,-,-,+1(57),-17,-,-,0%,Bronze,N,N
280,,华南师范大学,月下星辰,3,152,+1(23),-,-,-,+1(85),-,-,-,-,+1(44),-3,-,-,0%,Bronze,N,N
281,,南昌大学,"""AllianCe(4,5,6)""",3,153,+1(36),-2,-,-2,+1(70),-,-,-,-,+1(47),-7,-,-,0%,Bronze,N,N
282,144,西安理工大学,拿牌就给队友表白,3,154,+1(18),-,-,-,+1(104),-,-,-,-,+1(32),-4,-,-,0%,Bronze,N,N
283,,大连海事大学,风花雪月,3,157,+1(33),-,-,-,+1(72),-,-,-,-,+1(52),-8,-,-,0%,Bronze,N,N
284,,山东大学（威海）,把我的Hello World板子拿过来,3,159,+1(26),-1,-,-,+1(67),-,-,-,-,+1(66),-16,-,-,0%,Bronze,N,N
285,,北方工业大学,Revisit,3,167,+1(27),-,-,-,+1(62),-,-,-,-,+1(78),-8,-,-,0%,Bronze,N,N
286,,西北工业大学,黑色切題者,3,168,+1(16),-1,-,-1,+1(80),-,-,-,-,+1(72),-10,-,-,0%,Bronze,N,N
286,145,成都理工大学,16-不存在的银川火车站,3,168,+1(23),-,-,-,+1(91),-,-,-,-,+1(54),-24,-,-,0%,Bronze,N,N
288,,青岛科技大学,三个诸葛亮,3,170,+1(31),-,-,-,+1(81),-,-,-,-,+1(58),-5,-,-,0%,Bronze,N,N
289,,哈尔滨工业大学（威海）,阿尔法荣光,3,172,+1(28),-,-,-,+1(68),-,-,-,-,+1(76),-9,-,-,0%,Bronze,N,N
290,146,集美大学,我们不会修电脑,3,174,+1(29),-,-,-,+1(79),-,-,-,-,+1(66),-4,-,-,0%,Bronze,N,N
290,,信息工程大学,给dy倒一杯可乐,3,174,+1(28),-,-,-,+1(87),-,-,-,-,+1(59),-12,-,-,0%,Bronze,N,N
290,,哈尔滨工业大学(深圳）,yzy最可爱了,3,174,+1(19),-1,-,-,+1(49),-,-,-,-,+1(106),-1,-,-,0%,Bronze,N,N
293,,济南大学,流星,3,178,+1(41),-1,-,-,+1(76),-,-,-,-,+1(61),-3,-,-,0%,Bronze,N,N
293,147,广西大学,炼铜术土,3,178,+1(15),-2,-,-,+1(75),-,-,-,-,+1(88),-5,-,-,0%,Bronze,N,N
295,148,浙江中医药大学,最后一个滑铲,3,181,+1(35),-,-,-,+1(93),-,-,-,-,+1(53),-9,-,-,0%,Bronze,N,N
296,149,浙江育英职业技术学院,育英七队,3,183,+1(25),-,-,-,+1(70),-,-,-,-,+1(88),-10,-,-,0%,Bronze,N,N
297,,浙江农林大学,我是乱打的,3,188,+1(44),-,-,-,+1(85),-,-,-,-,+1(59),-19,-,-,0%,Bronze,N,N
297,150,江西理工大学,拿牌刘神女装队,3,188,+1(30),-,-,-,+1(94),-,-,-,-,+1(64),-17,-,-,0%,Bronze,N,N
299,151,河南理工大学,这不河狸,3,189,+1(36),-,-,-,+1(90),-,-,-,-,+1(63),-6,-,-,0%,Bronze,N,N
299,151,内蒙古大学,不能摸了,3,189,+1(35),-5,-,-,+1(94),-,-,-,-,+1(60),-,-,-,0%,Bronze,N,N
301,,大连海事大学,雄雄后援队,3,193,+1(38),-,-,-,+1(88),-,-6,-,-,+1(67),-7,-,-,0%,Honorable,N,N
301,153,中国传媒大学,夏日长吃小肉串喝杏仁茶,3,193,+1(33),-,-,-,+1(64),-,-,-,-,+1(96),-,-,-,0%,Honorable,N,N
303,,哈尔滨理工大学,哈理工05队,3,197,+1(27),-,-,-,+1(71),-,-,-,-,+1(99),-8,-,-,0%,Honorable,N,N
304,,浙江工商大学,键盘滚脸,3,199,+1(31),-,-,-,+1(80),-,-,-,-,+1(88),-2,-,-,0%,Honorable,N,N
305,,南京邮电大学,很难起,3,201,+1(43),-,-,-,+1(82),-,-,-,-,+1(76),-10,-,-,0%,Honorable,N,N
306,154,苏州科技大学,三个炼金师,3,203,+1(46),-1,-,-,+1(100),-,-,-1,-,+1(57),-5,-,-,0%,Honorable,N,N
307,,广西大学,wuwa熊猫,3,204,+1(25),-,-,-,+1(109),-,-,-,-,+1(70),-3,-,-,0%,Honorable,N,N
307,,吉林大学,绯想天,3,204,+1(21),-,-,-,+1(51),-,-,-,-,+1(132),-5,-,-,0%,Honorable,N,N
309,,广东工业大学,蹲在树堆里,3,205,+1(31),-,-,-,+1(81),-,-,-,-,+1(93),-3,-,-,0%,Honorable,N,N
310,155,天津工业大学,烤肉,3,206,+1(35),-,-,-,+1(68),-,-,-,-,+1(103),-4,-,-,0%,Honorable,N,N
311,,中国石油大学（北京）,一条大河波浪宽,3,212,+1(45),-,-,-,+1(76),-,-,-,-,+1(91),-4,-,-,0%,Honorable,N,N
311,156,东北农业大学,黄金矿工,3,212,+1(36),-,-,-,+1(93),-,-,-,-,+1(83),-5,-2,-,0%,Honorable,N,N
313,157,浙大城市学院,三个混子不想打铁,3,217,+1(27),-3,-,-,+1(115),-,-,-,-,+1(75),-14,-,-,0%,Honorable,N,N
314,,东北农业大学,辉夜大小姐想让我AC~,3,218,+1(19),-,-,-,+1(48),-,-,-,-,+1(151),-7,-,-,0%,Honorable,N,N
315,,浙江师范大学,拳打娜娜，脚踢娜娜，头顶娜娜,3,220,+1(41),-,-,-,+1(81),-,-,-,-,+1(98),-8,-,-,0%,Honorable,N,N
315,,西南民族大学,快乐星球,3,220,+1(32),-,-,-,+1(66),-,-,-,-,+1(122),-4,-,-,0%,Honorable,N,N
317,,河南理工大学,焦煤生产大队,3,224,+1(38),-,-,-,+1(110),-,-,-,-,+1(76),-6,-,-,0%,Honorable,N,N
317,,哈尔滨理工大学,哈理工10队,3,224,+1(27),-,-,-,+1(124),-,-,-,-,+1(73),-5,-,-,0%,Honorable,N,N
317,,上海大学,洞穴双头蛇队,3,224,+1(22),-,-,-,+1(64),-,-,-,-,+1(138),-4,-,-,0%,Honorable,N,N
320,,东北林业大学,二息步行,3,226,+1(23),-,-,-,+1(98),-,-,-,-,+1(105),-11,-,-,0%,Honorable,N,N
321,158,西南科技大学,其实我们是女队,3,227,+1(34),-,-,-,+1(122),-,-,-,-,+1(71),-1,-,-,0%,Honorable,N,N
322,159,中国矿业大学（徐海学院）,灵动,3,228,+1(33),-,-,-,+1(111),-,-,-,-,+1(84),-29,-,-,0%,Honorable,N,N
323,,山东科技大学,NCC70611 夏延号,3,230,+1(22),-,-,-,+1(124),-,-,-,-,+1(84),-11,-,-,0%,Honorable,N,N
324,,河南理工大学,我想静静,3,235,+1(45),-,-,-,+1(72),-,-,-,-,+1(118),-14,-,-,0%,Honorable,N,N
325,,浙江师范大学,快要饿死惹T^T,3,236,+1(29),-,-,-,+1(83),-,-,-,-,+1(124),-15,-,-,0%,Honorable,N,N
325,160,广州大学,懒狗训练营,3,236,+1(37),-,-,-,+1(72),-,-,-,-,+1(127),-4,-,-,0%,Honorable,N,N
327,,长沙理工大学,啪的一下又A了呀,3,245,+1(44),-,-,-,+1(100),-,-,-,-,+1(101),-14,-,-,0%,Honorable,N,N
327,,西南科技大学,Endless,3,245,+1(33),-1,-,-,+1(112),-,-,-,-,+1(100),-17,-,-,0%,Honorable,N,N
327,,中国人民大学,搬起我的小板凳,3,245,+1(26),-,-,-,+1(67),-,-,-,-,+1(152),-1,-,-,0%,Honorable,N,N
330,,成都信息工程大学,我想带两个小妹妹,3,247,+1(36),-,-,-,+1(114),-,-,-,-,+1(97),-10,-,-,0%,Honorable,N,N
331,161,华北电力大学,一个都不对,3,248,+1(47),-1,-,-,+1(97),-,-,-,-,+1(104),-6,-,-,0%,Honorable,N,N
331,161,上海师范大学,金玉紫棠,3,248,+1(26),-1,-,-,+1(83),-,-,-,-,+1(139),-6,-,-,0%,Honorable,N,N
333,163,中国计量大学现代科技学院,找个班上,3,250,+1(29),-,-,-,+1(110),-,-,-,-,+1(111),-1,-,-,0%,Honorable,N,N
334,,闽南师范大学,一笑置之,3,253,+1(39),-,-,-,+1(80),-,-,-,-,+1(134),-7,-,-,0%,Honorable,N,N
335,,东北农业大学,禁用敏感词,3,254,+1(35),-,-,-,+1(122),-,-,-,-,+1(97),-6,-,-,0%,Honorable,N,N
336,,南京航空航天大学,在ICPC寻求AC是否搞错了什么？,3,255,+1(50),-1,-,-,+1(91),-,-,-1,-,+1(114),-5,-,-,0%,Honorable,N,N
336,164,河南大学,阳春白雪与碳,3,255,+1(40),-,-,-,+1(97),-,-,-,-,+1(118),-7,-,-,0%,Honorable,N,N
338,,东北大学秦皇岛分校,下一站,3,256,+1(66),-,-,-,+1(97),-,-,-,-,+1(93),-7,-,-1,0%,Honorable,N,N
338,,成都理工大学,蓝桥杯不止五分,3,256,+1(27),-,-,-,+1(108),-,-,-,-,+1(121),-10,-,-,0%,Honorable,N,N
340,165,云南大学,不讲码德队,3,257,+1(54),-,-,-,+1(78),-,-,-,-,+1(125),-7,-,-,0%,Honorable,N,N
341,166,江西理工大学南昌校区,是梦动,3,261,+1(88),-,-,-,+1(106),-,-2,-,-,+1(67),-,-,-,0%,Honorable,N,N
342,167,成都东软学院,做AC梦,3,263,+1(41),-,-,-,+1(128),-,-,-,-,+1(94),-5,-,-,0%,Honorable,N,N
343,,宁波大学,"""技不如人,甘拜下风""",3,265,+1(41),-,-,-,+1(104),-,-,-,-,+1(120),-12,-,-,0%,Honorable,N,N
343,,宁波大学,这不是人均算法嘛,3,265,+1(37),-,-,-,+1(132),-,-,-,-,+1(96),-6,-,-,0%,Honorable,N,N
345,,电子科技大学中山学院,锟斤烤烫烫烫,3,270,+1(27),-,-,-,+1(126),-,-,-,-,+1(117),-13,-,-,0%,Honorable,N,N
345,,鲁东大学,永夜之光,3,270,+1(31),-,-,-,+1(97),-,-,-,-,+1(142),-9,-,-,0%,Honorable,N,N
345,168,西北师范大学,"""Please,give me a YinYin""",3,270,+1(22),-,-,-,+1(81),-,-,-,-,+1(167),-6,-,-,0%,Honorable,N,N
348,169,广东东软学院,沉默的骑士,3,271,+1(41),-,-,-,+1(148),-,-2,-,-,+1(82),-3,-,-,0%,Honorable,N,N
349,170,北京师范大学珠海校区,无向指针,3,275,+1(33),-,-,-4,+1(71),-,-,-,-,+1(171),-,-,-,0%,Honorable,N,N
350,,嘉应学院,从容打铁,3,278,+1(58),-,-,-,+1(106),-,-,-,-,+1(114),-3,-,-,0%,Honorable,N,N
350,,中国传媒大学,三缺一,3,278,+1(72),-,-,-,+1(65),-,-,-,-,+1(141),-3,-,-,0%,Honorable,N,N
352,171,浙江机电职业技术学院,机电12WA,3,281,+1(58),-,-,-,+1(144),-,-,-,-,+1(79),-6,-,-,0%,Honorable,N,N
353,,广州大学,火树琪花,3,282,+1(36),-,-,-,+1(129),-,-,-,-,+1(117),-,-,-,0%,Honorable,N,N
354,,西南科技大学,Z.D.R,3,285,+1(29),-,-,-,+1(155),-,-,-,-,+1(101),-5,-,-,0%,Honorable,N,N
355,,长沙学院,大练黄铜,3,288,+1(38),-,-,-,+1(148),-,-,-,-,+1(102),-5,-,-,0%,Honorable,N,N
356,,南华大学,雪公主和三个ACMer,3,290,+1(44),-,-,-,+1(140),-,-,-,-,+1(106),-4,-,-,0%,Honorable,N,N
357,172,潍坊学院,xx短发天下第一,3,292,+1(44),-,-,-,+1(97),-,-,-,-,+1(151),-7,-,-,0%,Honorable,N,N
357,172,南阳师范学院,拿我快速幂板子来,3,292,+1(153),-,-,-,+1(80),-,-,-,-,+1(59),-16,-,-,0%,Honorable,N,N
359,,中国矿业大学,FFFFCU,3,296,+1(39),-,-,-6,+1(117),-,-,-,-,+1(140),-5,-,-,0%,Honorable,N,N
360,174,兰州理工大学,全体起立奏国歌,3,299,+1(25),-,-,-,+1(147),-,-,-,-,+1(127),-5,-,-,0%,Honorable,N,N
361,,桂林电子科技大学,你们带我打,3,300,+1(45),-1,-,-,+1(95),-,-,-,-,+1(160),-5,-,-,0%,Honorable,N,N
362,,中国计量大学,暴力出奇迹,3,311,+1(52),-,-,-,+1(144),-,-,-,-,+1(115),-6,-,-,0%,Honorable,N,N
363,,江西师范大学,一点也不会,3,315,+1(49),-,-,-,+1(89),-,-,-,-,+1(177),-6,-,-,0%,Honorable,N,N
363,175,三峡大学,三大队一组,3,315,+1(21),-1,-,-,+1(106),-,-,-,-,+1(188),-6,-,-,0%,Honorable,N,N
363,175,湖南农业大学,铁匠师傅有bear来,3,315,+1(39),-,-,-,+1(78),-,-,-,-,+1(198),-8,-,-,0%,Honorable,N,N
366,177,西北农林科技大学,米奇喵喵屋,3,317,+1(58),-,-,-,+1(109),-,-,-,-,+1(150),-6,-,-,0%,Honorable,N,N
367,,湖南工业大学,取出名字就算成功,3,322,+1(40),-,-,-,+1(91),-,-,-,-,+1(191),-11,-,-,0%,Honorable,N,N
368,178,南阳理工学院,你为什么退缩,3,324,+1(39),-,-,-,+1(96),-,-,-,-,+1(189),-8,-,-,0%,Honorable,N,N
369,179,江西财经大学,不如跳舞,3,327,+1(92),-,-1,-,+1(98),-,-,-,-,+1(137),-,-,-,0%,Honorable,N,N
370,180,贵州大学,标标的宇宙飞船,3,329,+1(31),-,-,-,+1(131),-,-,-,-,+1(167),-3,-,-,0%,Honorable,N,N
371,181,西南石油大学（南充校区）,TLE了怎么办,3,331,+1(106),-,-,-,+1(140),-,-,-,-,+1(85),-10,-,-,0%,Honorable,N,N
371,,西南民族大学,奥利奥力给利奥,3,331,+1(61),-,-,-,+1(172),-,-,-,-,+1(98),-5,-,-,0%,Honorable,N,N
373,,西南科技大学,烤羊腿真的香,3,332,+1(48),-,-,-,+1(122),-,-,-,-,+1(162),-8,-,-,0%,Honorable,N,N
373,182,常熟理工学院,Deadline抛光机,3,332,+1(57),-,-,-,+1(105),-,-,-,-,+1(170),-5,-,-,0%,Honorable,N,N
375,183,武汉纺织大学,AC钙奶,3,336,+1(69),-,-,-,+1(141),-,-,-,-,+1(126),-2,-,-,0%,Honorable,N,N
376,,湖北工业大学,AC自动机fail树上dfs序建可持久化线段树,3,341,+1(99),-,-,-3,+1(114),-,-,-,-,+1(128),-11,-,-,0%,Honorable,N,N
377,184,南京大学金陵学院,你要打铁,3,342,+1(28),-,-,-,+1(78),-,-,-,-,+1(236),-2,-,-,0%,Honorable,N,N
378,185,华中农业大学,外星人？,3,351,+1(21),-,-,-,+1(55),-,-,-,-,+1(275),-5,-,-,0%,Honorable,N,N
379,186,武汉工程大学,三泉映月,3,357,+1(154),-,-,-,+1(81),-,-,-,-,+1(122),-5,-,-,0%,Honorable,N,N
379,,西北师范大学,KunKun very gude,3,357,+1(73),-,-,-,+1(175),-,-,-,-,+1(109),-3,-,-,0%,Honorable,N,N
381,187,广东技术师范大学,广度多重可持久化Debug神经网络,3,359,+1(44),-1,-,-,+1(208),-,-,-,-,+1(107),-9,-,-,0%,Honorable,N,N
382,,长春工业大学,ru ying ru xiang,3,365,+1(47),-,-,-,+1(157),-,-,-,-,+1(161),-3,-,-,0%,Honorable,N,N
382,,西北大学,平头哥,3,365,+1(48),-3,-,-,+1(213),-,-,-,-,+1(104),-4,-,-,0%,Honorable,N,N
384,,江西师范大学,我的二叉树被淹了,3,366,+1(86),-,-,-,+1(163),-,-,-,-,+1(117),-1,-,-,0%,Honorable,N,N
385,,河南大学,菜鸟互助,3,367,+1(40),-,-,-,+1(151),-,-,-,-,+1(176),-1,-,-,0%,Honorable,N,N
386,,西北工业大学,黑沙迷魂手队,3,372,+1(47),-,-,-,+1(87),-,-,-,-,+1(238),-4,-,-,0%,Honorable,N,N
387,188,西南石油大学（成都校区）,三个臭皮匠,3,374,+1(62),-,-,-,+1(139),-,-,-,-,+1(173),-1,-,-,0%,Honorable,N,N
388,,中北大学,这次一定,3,375,+1(168),-,-,-,+1(94),-,-,-,-,+1(113),-5,-,-,0%,Honorable,N,N
389,,浙江工商大学,哥斯拉面,3,376,+1(21),-,-,-,+1(77),-,-,-,-,-9,+1(278),-,-,0%,Honorable,N,N
390,189,黄冈师范学院,过来旅个游,3,378,+1(50),-,-,-,+1(119),-,-,-,-,+1(209),-2,-,-,0%,Honorable,N,N
391,,山东师范大学,芜湖起飞,3,380,+1(83),-,-,-,+1(141),-,-,-,-,+1(156),-2,-,-,0%,Honorable,N,N
391,,兰州大学,kachitorita,3,380,+1(56),-1,-,-,+1(27),-,-,-,-,+1(297),-,-,-,0%,Honorable,N,N
393,,中国石油大学,绽放,3,385,+1(152),-,-,-,+1(44),-,-,-,-,+1(189),-20,-,-,0%,Honorable,N,N
394,190,湖北民族大学,1e9+7,3,386,+1(81),-,-,-,+1(114),-,-,-,-,+1(191),-,-,-,0%,Honorable,N,N
395,,河海大学,14C,3,392,+1(22),-,-,-,+1(104),-,-,-,-,+1(266),-4,-,-,0%,Honorable,N,N
396,,合肥学院,亚城木梦叶,3,406,+1(32),-,-,-,+1(115),-,-,-,-,+1(259),-1,-,-,0%,Honorable,N,N
397,191,上海建桥学院,双曲正切队,3,407,+1(37),-2,-,-,+1(240),-,-,-,-,+1(130),-13,-,-,0%,Honorable,N,N
398,192,绍兴文理学院元培学院,云中辉月芬芳香,3,411,+1(135),-,-,-,+1(112),-,-,-,-,+1(164),-10,-,-,0%,Honorable,N,N
399,,齐鲁工业大学,321AC,3,415,+1(96),-,-,-,+1(146),-,-,-,-,+1(173),-2,-,-,0%,Honorable,N,N
400,193,浙江科技学院,队长他她它又双叒叒不见了,3,416,+1(44),-,-,-,+1(297),-,-,-,-,+1(75),-1,-,-,0%,Honorable,N,N
401,,山东师范大学,从零开始的AC生活,3,429,+1(87),-,-,-,+1(144),-,-,-,-,+1(198),-6,-,-,0%,Honorable,N,N
402,194,肇庆学院,LMH_fightttt,3,432,+1(73),-,-,-,+1(144),-,-,-,-,+1(215),-,-,-,0%,Honorable,N,N
403,195,河南科技大学,Triangle,3,433,+1(32),-,-,-,+1(121),-,-,-,-,+1(280),-6,-,-,0%,Honorable,N,N
404,196,石河子大学,快马加鞭队,3,435,+1(47),-,-,-,+1(109),-,-,-,-,+1(279),-5,-,-,0%,Honorable,N,N
405,197,西安邮电大学,正人君子们,3,441,+1(57),-,-,-,+1(92),-,-,-,-,+1(292),-6,-,-,0%,Honorable,N,N
406,,西南石油大学（南充校区）,WA哪咋办嘛,3,463,+1(114),-,-,-,+1(198),-,-,-,-,+1(151),-9,-,-,0%,Honorable,N,N
407,198,内蒙古科技大学,诺言,3,470,+1(99),-,-,-4,+1(159),-,-,-,-,+1(212),-5,-,-,0%,Honorable,N,N
408,199,湖南理工学院,AC全靠嘴,3,471,+1(91),-,-,-,+1(224),-,-,-,-,+1(156),-2,-,-,0%,Honorable,N,N
409,,西南科技大学,这太二次猿了,3,476,+1(94),-,-,-,+1(217),-,-,-,-,+1(165),-,-,-,0%,Honorable,N,N
410,,西安邮电大学,三个臭皮匠,3,485,+1(59),-,-,-,+1(140),-,-,-,-,+1(286),-9,-,-,0%,Honorable,N,N
411,200,昆明理工大学,码德充沛,3,487,+1(34),-2,-,-,+1(167),-,-,-,-,+1(286),-,-,-,0%,Honorable,N,N
412,,河南理工大学,三个猛男,3,490,+1(47),-,-,-,+1(250),-,-,-,-,+1(193),-,-,-,0%,Honorable,N,N
413,201,厦门大学嘉庚学院,乌龙茶,3,497,+1(120),-,-,-,+1(160),-,-,-,-,+1(217),-3,-,-,0%,Honorable,N,N
414,,信息工程大学,名字贼难起,3,499,+1(231),-1,-,-,+1(75),-,-1,-,-,+1(193),-2,-,-,0%,Honorable,N,N
415,202,河北大学,HBUAC,3,505,+1(131),-4,-,-10,+1(112),-,-,-,-,+1(262),-7,-,-,0%,Honorable,N,N
415,202,内蒙古师范大学,Au Copper,3,505,+1(78),-2,-,-,+1(161),-,-,-,-,+1(266),-,-,-,0%,Honorable,N,N
417,,成都东软学院,雷阵雨,3,517,+1(74),-,-,-,+1(241),-,-,-,-,+1(202),-2,-,-,0%,Honorable,N,N
418,204,北京电子科技学院,新手上路,3,551,+1(52),-,-,-,+1(245),-,-,-,-,+1(254),-7,-,-,0%,Honorable,N,N
419,,南阳理工学院,AC小分队,3,561,+1(34),-,-,-,+1(232),-,-,-,-,+1(295),-,-,-,0%,Honorable,N,N
420,205,宁夏大学,宁一,3,563,+1(80),-,-,-,+1(275),-,-,-,-,+1(208),-2,-,-,0%,Honorable,N,N
421,206,上海第二工业大学,清梦星河,2,77,+1(23),-,-,-,+1(54),-,-,-,-,-20,-2,-,-,0%,Honorable,N,N
422,,长沙理工大学,不知道又一个随便名字,2,102,+1(24),-,-,-,+1(78),-,-10,-,-,-8,-1,-,-,0%,Honorable,N,N
423,207,南京林业大学,彳亍,2,103,+1(26),-,-,-,+1(77),-,-,-,-,-4,-2,-,-,0%,Honorable,N,N
424,208,中国石油大学胜利学院,千里迢迢,2,120,+1(52),-,-,-,+1(68),-,-,-,-,-34,-1,-,-,0%,Honorable,N,N
424,,江西师范大学,胡乱AC,2,120,+1(28),-,-,-,+1(92),-,-,-,-,-7,-4,-,-,0%,Honorable,N,N
426,,云南大学,神奇队,2,121,+1(15),-,-,-,+1(106),-,-,-,-,-4,-6,-,-,0%,Honorable,N,N
427,,中国传媒大学,青青草原三键客,2,123,+1(31),-,-,-,+1(92),-,-,-,-,-6,-2,-,-,0%,Honorable,N,N
428,,常熟理工学院,AK但没完全AC,2,130,+1(44),-,-,-,+1(86),-,-,-,-,-1,-2,-,-,0%,Honorable,N,N
429,,湖北工业大学,云天明,2,137,+1(50),-,-,-,+1(87),-,-,-,-,-3,-1,-,-1,0%,Honorable,N,N
430,209,贺州学院,长寿贺州,2,141,+1(21),-,-,-,+1(120),-,-,-,-,-7,-2,-,-,0%,Honorable,N,N
431,,宁夏大学,宁四,2,159,+1(60),-,-,-,+1(99),-,-,-,-,-,-,-,-,0%,Honorable,N,N
431,210,广东财经大学,dolls machines,2,159,+1(46),-2,-,-,+1(113),-,-,-,-,-4,-,-,-,0%,Honorable,N,N
433,211,西华师范大学,理想,2,161,+1(52),-,-,-,+1(109),-,-,-,-,-1,-2,-,-,0%,Honorable,N,N
434,212,东南大学成贤学院,在铜川吃烤全羊,2,167,+1(58),-,-,-,+1(109),-,-,-,-,-2,-,-,-,0%,Honorable,N,N
435,,广西大学,海底捞金,2,169,+1(91),-,-,-,+1(78),-,-,-,-,-5,-4,-,-,0%,Honorable,N,N
435,213,重庆移通学院,赛高泥嗨铁鸭子哒,2,169,+1(57),-3,-,-,-8,-,-,-,-,+1(112),-1,-,-,0%,Honorable,N,N
437,,内蒙古科技大学,三只米兔,2,179,+1(38),-,-,-,+1(141),-,-,-,-,-10,-1,-,-,0%,Honorable,N,N
438,214,辽宁大学,小黄鸭,2,187,+1(50),-,-,-1,+1(137),-,-,-,-,-4,-5,-,-,0%,Honorable,N,N
439,215,陕西师范大学,bronze==win,2,191,+1(77),-,-,-,+1(114),-,-,-,-,-3,-2,-,-,0%,Honorable,N,N
440,,重庆移通学院,搏击长空,2,193,+1(76),-,-,-,+1(117),-,-,-,-,-2,-,-,-,0%,Honorable,N,N
441,216,青岛农业大学,三只小蜜蜂,2,204,+1(34),-,-,-,+1(170),-,-,-,-,-3,-3,-,-,0%,Honorable,N,N
442,217,西藏民族大学,秦汉二,2,210,+1(60),-,-,-,+1(150),-,-,-,-,-1,-,-,-,0%,Honorable,N,N
443,218,南昌理工学院,如寄,2,211,+1(55),-,-,-,-20,-,-,-,-,+1(156),-1,-,-,0%,Honorable,N,N
444,,中原工学院,十五月夜,2,214,+1(64),-,-,-,-13,-,-,-,-,+1(150),-2,-,-,0%,Honorable,N,N
445,,兰州理工大学,小王子队,2,220,+1(137),-,-,-,+1(83),-,-,-,-,-3,-,-,-,0%,Honorable,N,N
446,,东南大学,一拳一个AC怪,2,230,+1(91),-,-,-,+1(139),-,-,-,-,-10,-1,-,-,0%,Honorable,N,N
447,,中国海洋大学,电脑没有显卡能打ACM吗,2,241,+1(25),-,-,-2,-32,-,-,-,-,+1(216),-4,-,-,0%,Honorable,N,N
448,,宁夏大学,宁五,2,249,+1(102),-,-,-,+1(147),-,-,-,-,-2,-,-,-,0%,Honorable,N,N
448,,信息工程大学,强人索楠,2,249,+1(57),-,-,-,+1(192),-,-,-,-,-2,-1,-,-,0%,Honorable,N,N
450,,中国海洋大学,谁还在买gta啊,2,270,+1(116),-,-,-,+1(154),-,-,-,-,-,-2,-,-,0%,Honorable,N,N
451,,南昌大学,cyl欠他队友一顿烤肉,2,289,+1(142),-5,-,-,+1(147),-,-,-,-,-5,-,-,-,0%,Honorable,N,N
452,,贵州大学,请给我们一个铜牌,2,301,+1(29),-,-,-,+1(272),-,-,-,-,-,-1,-,-,0%,Honorable,N,N
453,219,石家庄铁道大学,xlf的航空母舰,2,309,+1(194),-,-,-,+1(115),-,-,-,-,-7,-1,-,-,0%,Honorable,N,N
453,219,东华理工大学,嘟嘟可在哪里,2,309,+1(47),-,-,-,+1(262),-,-,-,-,-11,-,-,-1,0%,Honorable,N,N
455,221,上海工程技术大学,松江斯坦福,2,315,+1(203),-,-,-,+1(112),-,-,-,-,-1,-,-,-,0%,Honorable,N,N
456,,东华理工大学,破晓,2,316,+1(245),-,-,-,+1(71),-,-,-,-,-20,-,-,-,0%,Honorable,N,N
457,222,西安明德理工学院,533 bug机,2,317,+1(103),-,-,-,-9,-,-,-,-,+1(214),-,-,-,0%,Honorable,N,N
458,223,湖南人文科技学院,拜托给个牌,2,324,+1(47),-,-,-,-19,-,-,-,-,+1(277),-,-,-,0%,Honorable,N,N
459,224,成都工业学院,听说拿牌队长就女装,2,335,+1(206),-,-,-1,+1(129),-,-,-,-,-,-,-,-,0%,Honorable,N,N
460,225,上海海事大学,崩坏永存,2,350,+1(139),-,-,-,+1(211),-,-,-,-,-5,-6,-,-,0%,Honorable,N,N
461,,西藏民族大学,秦汉一,2,371,-8,-,-,-,+1(92),-,-,-,-,+1(279),-,-,-,0%,Honorable,N,N
462,,鲁东大学,卓越工程师,2,385,+1(153),-,-,-,-2,-,-,-,-,+1(232),-1,-,-,0%,Honorable,N,N
463,226,海南师范大学,编程的海狮,2,397,+1(196),-,-,-,-9,-,-,-,-,+1(201),-,-,-,0%,Honorable,N,N
464,,宁夏大学,宁二,2,404,+1(123),-,-,-,+1(281),-,-,-,-,-5,-3,-,-,0%,Honorable,N,N
465,,北京电子科技学院,草原上的王者,2,433,+1(191),-,-,-,-4,-,-,-,-,+1(242),-,-,-,0%,Honorable,N,N
466,227,宜春学院,连牌子都保不住，怎么保护丘丘人,2,456,-9,-,-,-,+1(252),-,-,-,-,+1(204),-1,-,-,0%,Honorable,N,N
467,228,广西师范大学,三个臭皮匠,2,467,+1(208),-,-,-10,+1(259),-,-,-,-,-,-2,-,-,0%,Honorable,N,N
468,229,徐州工程学院,啪的一下就过了,2,505,+1(294),-,-,-,-8,-,-,-,-,+1(211),-,-,-,0%,Honorable,N,N
469,,浙江财经大学,读题困难户,1,62,+1(62),-,-,-,-12,-,-,-,-,-6,-3,-,-,0%,Honorable,N,N
470,230,湖北经济学院,汤逊湖畔,1,78,+1(78),-,-,-,-3,-,-,-,-,-6,-,-,-,0%,Honorable,N,N
471,,上海海事大学,用毒毒毒蛇会不会被毒毒死啊,1,90,+1(90),-,-,-,-4,-,-,-,-,-9,-1,-,-,0%,Honorable,N,N
472,231,金华职业技术学院,白狗苍云,1,94,-11,-2,-,-,-8,-,-,-,-,+1(94),-,-,-,0%,Honorable,N,N
473,,内蒙古科技大学,Are you OK,1,100,+1(100),-,-,-,-8,-,-,-,-,-13,-,-,-,0%,Honorable,N,N
474,232,通化师范学院,我都行,1,101,+1(101),-,-,-,-2,-,-,-,-,-,-,-,-,0%,Honorable,N,N
475,233,贵州民族大学,求爸爸给个铜吧,1,132,+1(132),-2,-2,-3,-1,-3,-1,-3,-2,-1,-3,-1,-1,0%,Honorable,N,N
476,234,上海应用技术大学,下次一定起飞队,1,140,+1(140),-,-,-,-,-,-,-,-,-12,-,-,-,0%,Honorable,N,N
477,,宁夏大学,宁三,1,141,-4,-,-,-,+1(141),-,-,-,-,-,-,-,-,0%,Honorable,N,N
478,,石河子大学,天马行空队,1,176,-5,-,-,-,+1(176),-,-,-,-,-2,-,-,-,0%,Honorable,N,N
479,,内蒙古师范大学,IMNU,0,0,-6,-,-,-,-3,-,-,-,-,-,-,-,-1,0%,Honorable,N,N
479,,陕西师范大学,The attacking team,0,0,-3,-,-,-,-2,-,-,-,-,-,-2,-,-,0%,Honorable,N,N
479,235,北方民族大学,UTF杠八,0,0,-7,-,-,-,-,-,-,-,-,-4,-,-,-,0%,Honorable,N,N
479,,上海建桥学院,三个有很多头发的臭皮匠,0,0,-2,-,-,-5,-6,-,-,-,-,-1,-,-,-2,0%,Honorable,N,N
479,235,湖北中医药大学,人均身高180,0,0,-14,-,-,-,-,-,-,-,-,-3,-1,-,-,0%,Honorable,N,N
479,235,内蒙古农业大学职业技术学院,内农大职院,0,0,-7,-,-,-1,-,-,-,-,-,-,-,-,-,0%,Honorable,N,N
479,235,贵州师范学院,我们都是来打酱油，学习的,0,0,-12,-,-,-,-3,-,-,-,-1,-,-,-,-,0%,Honorable,N,N
479,235,黔南民族师范学院,明天,0,0,-3,-,-,-,-,-,-,-,-,-3,-,-,-,0%,Honorable,N,N
479,,北京大学,校门外歪脖树上的鸽子,0,0,-,-,-,-,-,-,-,-,-,-,-,-,-,0%,Honorable,N,N
479,,北方民族大学,水之边,0,0,-3,-,-,-,-1,-,-,-,-,-,-,-,-,0%,Honorable,N,N
479,,西藏民族大学,秦汉三,0,0,-,-,-,-,-4,-,-,-,-,-,-,-,-,0%,Honorable,N,N
479,235,郑州升达经贸管理学院,铜锣湾,0,0,-5,-,-,-,-2,-,-,-,-,-,-,-,-,0%,Honorable,N,N
479,235,安徽建筑大学,非应急食品,0,0,-5,-,-,-1,-2,-,-,-,-,-1,-,-1,-,0%,Honorable,N,N
