Rank,School Rank,School,Team,Solved,Penalty,Member1,Member2,Member3,Medal,Unofficial,Girl
1,1,清华大学,窗边明月,11,1704,杨骏昭,陈孙立,徐翊轩,Gold,N,N
2,2,北京大学,重生之我是菜狗,10,917,王展鹏,罗煜翔,蒋凌宇,Gold,N,N
3,,清华大学,一更人,10,1109,周欣,叶卓睿,虞皓翔,Gold,N,N
4,,北京大学,巨大的金刚鸽子,10,1486,郭城志,陈宇,徐舟子,Gold,N,N
5,,北京大学,十三陵小丑,10,1705,任轩笛,吴瑾昭,黄致焕,Gold,N,N
6,,清华大学,老年组,10,1768,陈雨昕,林昊翰,周镇东,Gold,N,N
7,3,南京邮电大学,Citrus,9,1657,何乐晗,陈以信,赵一舟,Gold,N,N
8,4,南京大学,白日,8,984,王淳扬,冉雨杭,张昕渊,Gold,N,N
9,5,北京理工大学,ddl战神,8,1446,林恺,邹知秋,朱子林,Gold,N,N
10,6,浙江大学,Heltion & l1ll5 & SSerxhs,7,1113,赵广泽,吕耀维,凌子恒,Gold,N,N
11,7,北京航空航天大学,大吉大利，今晚吃 mian();,7,1234,潘天蔚,刘佳睿,郝泽钰,Gold,N,N
12,8,北京师范大学,内测度,7,1242,林靖轩,李鼎懋,李明泽,Gold,N,N
13,9,北京航空航天大学,玄学过题,7,1409,王宇龙,吴湛宇,权尚浩然,Gold,N,N
14,,清华大学,光辉,7,1471,蒋昊迪,邢竞择,陈桐飞,Gold,N,N
15,,中山大学,最后的午餐,7,1575,欧梓洋,黄途亮,梁梓豪,Gold,N,N
16,,浙江大学,老师饿饿让让芙兰,7,1798,陈彦博,沈哲贝,王海纳,Gold,N,N
17,10,杭州电子科技大学,杭电十五队,7,2235,柴汉锋,陈载元,陈思豪,Gold,N,N
18,,北京大学,你对队伍名有头猪吗？,6,648,曹原,陈胤戬,吴孟周,Gold,N,N
19,11,山东大学,说好不秃,6,791,门建彤,张丁祎,吴羲勇,Gold,N,N
20,12,香港中文大学,"ICPCP[O(log n), O(1)]",6,808,衛家熙,吴有孚,吴曉峻,Gold,N,N
21,13,天津大学,哈皮，拉ki，思迈露，耶,6,987,马凯,张博凯,叶泽侬,Gold,N,N
22,14,复旦大学,莱布尼兹惊坐起,6,1106,许逸培,刘明君,薛振梁,Gold,N,N
23,15,浙江工业大学,地球猫猫,6,1110,张宇翔,李亚伦,陈洁怡,Gold,N,N
24,16,西安电子科技大学,辛几何旋律,6,1187,冯畅,湛忠胜,周灿,Gold,N,N
25,17,哈尔滨工业大学（深圳）,骗分大队,6,1212,曹杨,潘思成,沈文,Gold,N,N
26,18,电子科技大学,UESTC_泳者,6,1217,刘轩,张鸿皓,黄博奕,Gold,N,N
27,19,哈尔滨工业大学,花盆种大蒜,6,1464,祁展华,朱峰,王羽婷,Gold,N,N
28,20,河海大学常州校区,几何杀手,6,1507,俞天骋,孙嘉昊,王英吉,Gold,N,N
29,21,上海交通大学,重叠之梦,6,1743,范能,王子奕,冯跃洋,Gold,N,N
30,22,浙江师范大学,妖怪被srk抓走了QAQ,6,2169,周天辰,蒋润浩,余知航,Gold,N,N
31,23,中国矿业大学,塞尔达,5,633,肖扬航,周俊峰,雷毅,Gold,N,N
32,24,烟台大学,老年人,5,747,肖毅欣,胡春宁,刘聪聪,Gold,N,N
33,,南方科技大学,合并肘子,5,794,曹哲振,周轶凡,田若载,Gold,N,N
34,25,大连理工大学,三带一,5,828,濮凡轶,江雨桐,李冠霖,Gold,N,N
35,26,北京航空航天大学,起名苦手,5,837,雷骧逸,樊佳昊,丁家玮,Gold,N,N
36,,南京大学,徒手抓蛾子,5,839,陈思睿,周子杰,徐沐杰,Silver,N,N
37,,电子科技大学,UESTC_大大卷,5,930,李佳骏,李奕聪,陈奕可,Silver,N,N
38,,重庆大学,CQU_2=1,5,999,余康,蒋云豪,两人队,Silver,N,N
39,,北京科技大学,随机队名,5,1061,刘伟浩,裘嘉欣,宋博文,Silver,N,N
40,,香港城市大学,九龙塘妙妙屋,5,1066,李嘉乾,黄一笑,戴晨岳,Silver,N,N
41,27,中山大学,中山大学_天作之合,5,1068,刘彦莹,杨天行,罗以彬,Silver,N,N
42,28,同济大学,达拉崩吧班得贝迪卜多比鲁翁,5,1079,孙治弘,张乐天,刘依杨,Silver,N,N
43,29,上海交通大学,洒满黄浦江,5,1144,杨宗翰,杨尚霏,谭博仁,Silver,N,N
44,30,北京大学,淹园外被鸽的鸽子,5,1165,吴清月,胡晋侨,袁傲慕飞,Silver,N,N
45,,中国科学技术大学,freedive,5,1187,李泽林,欧阳博丁,舒英特,Silver,N,N
46,31,北京邮电大学,三只喵喵一锅汤,5,1312,陈冠州,李亦非,赵昕鹏,Silver,N,N
47,32,西安交通大学,怎么会是呢？,5,1373,郭修屹,栾家骏,刘一可,Silver,N,N
48,33,哈尔滨工业大学（深圳）,删库跑路,5,1428,卢郡然,梁珊,任秦江,Silver,N,N
49,,山东大学,梦天使,5,1731,耿浩天,张昊雨,蒋裕成,Silver,N,N
50,,北京理工大学,JK之星,4,529,王崧乔,罗博文,黄子越,Silver,N,N
51,,北京工业大学,WA好厉害,4,576,葛中正,周榆忱,管丹辰,Silver,N,N
52,34,哈尔滨工程大学,丝划拿铁,4,595,吴兆昕,于子涵,位振林,Silver,N,N
53,35,东北大学,东北大学_寄,4,632,李泽仁,王乐言,陈少皇,Silver,N,N
54,36,南京邮电大学,事末鸽者,4,637,刁煜凡,张帅青,柏广凡,Silver,N,N
55,37,北京建筑大学,RE：从爆零开始的ACM生活,4,678,齐思恺,,,Silver,N,N
56,38,哈尔滨工业大学,三个演员,4,688,李杰,宋珂源,崔玉坤,Silver,N,N
57,,中国人民大学,我的心里只有感恩,4,691,刘书玮,罗碚,陈志朋,Silver,N,N
58,,电子科技大学,UESTC_Guest_WiFi,4,697,弋竞为,周湘阳,喻鹏云,Silver,N,N
59,,浙江工商大学,希望代码一次敲队,4,710,徐晨威,田博宇,朱徐研,Silver,N,N
60,,杭州电子科技大学,杭电五队,4,716,杜志远,刘梓灏,李丰,Silver,N,N
61,39,西安交通大学,舞文弄墨,4,721,张晓昊,曹思宇,王珩,Silver,N,N
62,,中山大学,中山大学-版本答案,4,722,陈星辉,方展鸿,陈银超,Silver,N,N
63,,南开大学,万事不干屋,4,724,卢麒萱,宋秭睿,杜岱玮,Silver,N,N
64,,浙江师范大学,星际猫,4,752,温启涛,倪伟聪,厉文浩,Silver,N,N
65,,吉林大学,H-Z-J树,4,784,黄哲霖,郑佳策,蒋致欧,Silver,N,N
66,40,浙江大学,超对称夸克,4,814,徐琪杰,杨予晟,任庭旭,Silver,N,N
67,41,浙江农林大学,临阵磨枪，不快也光,4,816,朱泽华,戴振龙,盛洪涛,Silver,N,N
68,42,浙江师范大学,巴巴托斯,4,854,邓鹏,陈骏鹏,方天笑,Silver,N,N
69,,福州大学,两极反转,4,858,叶林忠,丁凌烁,潘泓岳,Silver,N,N
70,43,南华大学,青春猪头ACMer不会梦到怀梦出题人,4,859,周楷傑,余伟豪,王思进,Silver,N,N
71,44,东北大学秦皇岛分校,GNK48-101,4,867,刘泽铭,罗潇阳,吴一玄,Silver,N,N
72,,南京邮电大学,收收心找个电子厂上班了,4,886,张禹健,冯一帆,文超航,Silver,N,N
73,,哈尔滨工业大学,哥谭市委书记,4,892,胡罡沣,刘宇哲,谢明东,Silver,N,N
74,45,河海大学,艾派克斯,4,913,高康悦,张星宇,肖潇,Silver,N,N
75,46,吉林大学,柴郡猫猫QuQ,4,981,陈铭豪,黄昌盛,李光赫,Silver,N,N
76,,中山大学,中山大学_晴栀,4,1084,刘思然,谭嘉伟,谢泽熙,Silver,N,N
77,47,西南大学,做的全队,4,1356,徐畅,马博涵,何一,Silver,N,N
78,48,江西师范大学,Watch A-SOUL and become Au,3,270,陈哲,颜玮琦,张天福,Silver,N,N
79,49,兰州大学,一个猜想不一定对,3,322,王徐笙,孟戴浓达,狄农雨,Silver,N,N
80,50,武汉工程大学,用队长一年单身换牌子,3,354,刘典,罗云祥,符轩豪,Silver,N,N
81,51,电子科技大学,UESTC_七海大大大鲨鱼,3,383,诸人豪,彭帅康,李纪甫,Silver,N,N
82,52,华南理工大学,智能人工,3,385,谢丰泽,范天予,杨鸿飞,Silver,N,N
83,,西安交通大学,钻石海,3,401,何卓霖,田雨阳,史耀睿,Silver,N,N
84,,浙江财经大学,秃如其来,3,418,张垚垚,朱新宇,张维康,Silver,N,N
85,53,华南理工大学,写不出了，饮茶先,3,423,许一多,林靖沅,马家俊,Silver,N,N
86,,杭州电子科技大学信息工程学院,胜机,3,424,毛一枭,王权,梁孝铨,Silver,N,N
87,54,中南大学,摸鱼自动机,3,433,黄道煜,周霄羽,张皓然,Silver,N,N
88,54,南昌大学,超新星,3,437,赖澄宇,王福源,黄晨曦,Silver,N,N
89,56,香港中文大学（深圳）,icpc摆大烂,3,440,金德容,陈建文,苏哲楷,Silver,N,N
90,57,大连理工大学,梦觉流莺时一声,3,444,李胤驰,高盛轩,袁振,Silver,N,N
91,,齐鲁工业大学,生死时速,3,451,杨熠辰,王励翔,刘鑫龙,Silver,N,N
92,58,四川大学锦城学院,三核单线程,3,454,喻若舟,陈柯源,张智源,Silver,N,N
93,,青岛大学,蓝色空间,3,483,王宪泉,张锦峰,武彬,Silver,N,N
94,,浙江农林大学,学习使我快乐,3,493,张烨浩,薛卫东,张凌赫,Silver,N,N
95,,广西大学,这小家伙也许能改写战局,3,501,王利明,金珉瑞,陈嘉怡,Silver,N,N
96,59,西安电子科技大学,吾好梦中AC,3,505,王逸,王志利,欧心缘,Silver,N,N
97,60,哈尔滨工业大学,再也没有树树了,3,506,王晓亮,徐放,金义扬,Silver,N,N
98,61,西北工业大学,除了风暴都能击倒大树,3,522,孟祥瑞,徐浩洋,黄康宁,Silver,N,N
99,,四川大学,魔理沙,3,534,张新,向宇,朱奕杰,Silver,N,N
100,62,山东大学,追光者,3,542,战绪丰,庞天祥,褚瑞凡,Silver,N,N
101,63,香港中文大学,焦糖布丁,3,544,袁樂勤,鍾懷哲,劉汶楷,Silver,N,N
102,64,集美大学,抱歉，这没有集美,3,547,林贝宁,蔡万杰,张弛,Silver,N,N
103,65,杭州电子科技大学,杭电三队,3,549,高义雄,赵章恺,方博,Silver,N,N
104,,中国石油大学（北京）,云雾深处把井打,3,555,潘耀宇,陈若朋,夏方略,Silver,N,N
105,66,上海理工大学,教练叫我来爆0,3,556,刘斌然,,,Silver,N,N
106,,武汉科技大学,呐，你也想要KiraKira吗？,3,560,王印德,王忠齐,翁锦瑞,Bronze,N,N
107,67,深圳大学,SZU-Archimedes,3,561,郭泽森,苏梓瀚,陈俊明,Bronze,N,N
108,,武汉纺织大学,极东魔术昼寝结社,3,569,种佳琪,张亮,孟龙,Bronze,N,N
109,68,中国科学技术大学,一轮游队,3,577,潘廷岳,郑以勒,曹高翔,Bronze,N,N
110,,香港中文大学,破壞性演算法,3,585,周敬泓,鄭希哲,談知衡,Bronze,N,N
111,69,哈尔滨理工大学,哈理工17队,3,586,郑然,王令开,陈思艺,Bronze,N,N
112,,杭州师范大学,异世相逢，尽享编程,3,592,林宏磊,陈银桦,葛嘉辉,Bronze,N,N
113,,西南科技大学,寺传乘絮鸢,3,593,陆承长,潘俊杰,毛宝文,Bronze,N,N
114,70,湘潭大学,出签到题就算成功,3,594,李越,田楚天,蒋文彬,Bronze,N,N
115,71,杭州电子科技大学,杭电八队,3,594,冯军荣,王子习,李企峥,Bronze,N,N
116,72,湖北工业大学,百分之六十拿牌,3,598,徐億祥,贺鑫宇,颜潇冉,Bronze,N,N
117,,武汉理工大学,不会计数怎么办,3,600,罗越,徐亚萌,奚兆阳,Bronze,N,N
118,73,华东师范大学,加不出来,3,602,漆宇祥,范晨阳,王晨阳,Bronze,N,N
119,74,中南大学,行但不行,3,603,何晨,祖凌铠,叶则杨,Bronze,N,N
120,,成都理工大学,没有名字的队伍,3,615,陈永铿,汤昱力,雷笙达,Bronze,N,N
121,75,国防科技大学,湘江后浪,3,617,孙晓帆,张星宇,陈铭,Bronze,N,N
122,76,哈尔滨工程大学,噔噔咚,3,624,王昊宇,官毅,王洋,Bronze,N,N
123,76,太原理工大学,鸽剧魅影,3,625,桑坤,郭宇霄,赵云霄,Bronze,N,N
124,78,西南科技大学,勿以寄小而为之，勿以赢小而不麻,3,627,郭智超,黄小诚,杨展鹏,Bronze,N,N
125,78,山东大学（威海）,先占个位置,3,628,周润杰,陈格,尚书尧,Bronze,N,N
126,80,浙江工商大学,澳门牌王大战狙击美佐,3,631,王铭阳,陈侠,许嘉俊,Bronze,N,N
127,,武汉大学,大本钟下开邮局,3,635,万宇恒,苏禹畅,林锟扬,Bronze,N,N
128,81,宁波大学,转世成为丘丘人这件事,3,636,曾佳敏,余嘉瑜,俞智超,Bronze,N,N
129,,成都信息工程大学,自动wawa机,3,638,胡峻搏,周博文,黄俊杰,Bronze,N,N
130,,新疆大学,xju01,3,638,李佳胜,罗逸聪,邹炎均,Bronze,N,N
131,,湖南农业大学,取队名就是量子技术,3,639,胡忠祥,刘嘉诚,王溪超,Bronze,N,N
132,82,四川大学,江山代有才人秃,3,640,辛梓杰,李毓,牛佳文,Bronze,N,N
133,82,福州大学,精准,3,640,李鸿宇,王奕然,林铮翔,Bronze,N,N
134,84,南京信息工程大学,三个蓝桥杯选手,3,643,张逸凡,鲁哲豪,吴昊,Bronze,N,N
135,85,四川大学,给郭哥哥泡一池子大红袍,3,649,吴咏蔚,郭尧,周雪妍,Bronze,N,N
136,,湖南理工学院,木头儿子最好,3,658,王斯威,陈睿轩,魏文轩,Bronze,N,N
137,,成都信息工程大学,打上花火,3,658,黄亚军,赵钰,李佳彤,Bronze,N,N
138,86,浙江工业大学,ZJUT-earn3,3,660,谢洋帆,胡圣烩,吴昊天,Bronze,N,N
139,86,湖南理工学院,你很有希望,3,667,向杰,李居航,李维逸,Bronze,N,N
140,,中国矿业大学,拿牌子教练就女装,3,691,温耀林,尉高耀,杨忻至,Bronze,N,N
141,,东北大学秦皇岛分校,升空的奖牌，从台上看还是台下看,3,692,胡鸿捷,袁茂恒,刘琛,Bronze,N,N
142,,绍兴文理学院,大吉大利,3,693,孟嘉政,郑柏成,周建伟,Bronze,N,N
143,88,中国地质大学（北京）,为美好的世界献上祝福！,3,701,胡世琦,伍泽鑫,赵笑天,Bronze,N,N
144,,闽南师范大学,JV哥哥爱上我,3,719,唐鑫程,傅俊斌,林俊逸,Bronze,N,N
145,89,深圳大学,SZU-YanranLee,3,731,费楚雯,齐宇轩,陈希哲,Bronze,N,N
146,90,香港中文大学,马料水职业技术学院,3,735,杨译琉,王刘剑夫,周逸祥,Bronze,N,N
147,91,郑州大学,感觉不如线下。。线上,3,738,杨宇航,余清扬,凌鑫,Bronze,N,N
148,,中国矿业大学,一般性随机忆墨人,3,739,宋明潇,杨斌涵,钟泽旭,Bronze,N,N
149,,湖南师范大学,猫猫能量,3,748,姜远仁,胡昀霏,陈代康,Bronze,N,N
150,,南京理工大学,饼干,3,752,陈一涵,代领,谢东娜,Bronze,N,N
151,,新疆大学,xju02,3,754,吕昂,陈永园,吴昌坤,Bronze,N,N
152,92,浙江科技学院,枸杞泡澡,3,760,袁佳菲,蔡炳旭,蒋贤潇,Bronze,N,N
153,93,北京理工大学珠海学院,星火燎原,3,761,张润泽,洪宇勋,郑润民,Bronze,N,N
154,,南京理工大学,你有这时间翻队名不是再能a两道题,3,773,张悦熠,何丰辰,王一萌,Bronze,N,N
155,94,北京理工大学,阿夸滑滑蛋喝冰红茶,3,777,李嘉政,李轩宇,彭程,Bronze,N,N
156,,泉州师范学院,AC再爱我亿次,3,788,陈佳乐,施维康,张自力,Bronze,N,N
157,95,中南大学,我们去昆明吃什么,3,796,许宸哲,郑逸程,霍旭洋,Bronze,N,N
158,,南京大学,菜根队,3,810,贺柄毓,柴浩天,陈荣锴,Bronze,N,N
159,,吉林大学,代码搬运工,3,829,侯德亮,无,无,Bronze,N,N
160,96,厦门大学,柳下桃蹊,3,832,韩可可,黄凯佳,黄勖,Bronze,N,N
161,97,华中科技大学,偏远小山村传统弱校,3,842,李根,陈贤坤,陈开宇,Bronze,N,N
162,,南京大学,还没想好叫什么,3,858,王恺予,张乃仁,王锦朋,Bronze,N,N
163,,山东师范大学,浩然今天吃了么,3,869,王位毅,李明阳,聂晓阳,Bronze,N,N
164,98,北京邮电大学,六目相对,3,870,崔家瑞,崔芳洲,罗毅锐,Bronze,N,N
165,,上海理工大学,面向样例编程,3,890,李明懿,韩昱川,无,Bronze,N,N
166,,重庆邮电大学,怎么会是呢,3,898,江骏扬,罗昊,康德,Bronze,N,N
167,99,武汉工程大学,真的有人学了几年还在打铁吗？,3,905,刘超,黎永琪,刘宣萱,Bronze,N,N
168,100,南京航空航天大学,在ICPC中寻求AC是否搞错了什么？,3,927,钱品亦,李亚宁,岑嘉诚,Bronze,N,N
169,101,山东大学（威海）,无敌暴龙冰河可爱爆了,3,1041,祁盛文,宁涛,汤子锋,Bronze,N,N
170,,广州大学,啊对对对,3,1066,林希栋,罗锦祺,李泽刚,Bronze,N,N
171,,哈尔滨工业大学（威海）,阿波罗11,3,1079,陈柏羽,阮文哲,纪鑫鹏,Bronze,N,N
172,102,南昌大学,酸甜泡芙,3,1082,万钧,蔡定中,惠鹏程,Bronze,N,N
173,,南京理工大学,瑟瑟发抖,2,111,刘星辰,季若曦,王瀚楠,Bronze,N,N
174,,北京交通大学,有三个人前来买瓜,2,165,韦正豪,无,无,Bronze,N,N
175,103,香港科技大学,树状数组不能维护01背包,2,172,温子奇,张重,张瑜隽,Bronze,N,N
176,104,平顶山学院,平院一队,2,193,邢玉龙,朱梦飞,刘力宾,Bronze,N,N
177,,西安电子科技大学,布鲁特福斯惊呼内行,2,199,谭升阳,谢铭松,郭浩杰,Bronze,N,N
178,,北京理工大学,贝尔曼福德大战浮士德,2,204,杨予宸,刘志丹,焦鹏屹,Bronze,N,N
179,105,长沙理工大学,老面油条,2,217,杨韬,侯骏哲,张禹轩,Bronze,N,N
180,,上海大学,噫吁嚱,2,223,谢奕,陶钧,李梓航,Bronze,N,N
181,106,宁波大学,知世小天使请别难过喔,2,226,李嘉琪,梁航锋,王茹月,Bronze,N,N
182,107,中国海洋大学,黑夜犬人Pro,2,227,谢天意,谢腾飞,储思晴,Bronze,N,N
183,108,阜阳师范大学,正宗太和羊肉板面,2,227,蹇浩航,解正源,张成玺,Bronze,N,N
184,,鲁东大学,三带一,2,228,武远博,王敬仪,马业森,Bronze,N,N
185,109,东北大学,东北大学_河童重工,2,230,郝思成,陈锦绥,吴钰璋,Bronze,N,N
186,109,浙江科技学院,重庆鸡公煲,2,233,蒋银帆,丁好,卢超翼,Bronze,N,N
187,,武昌理工学院,昆仑虚,2,238,常毅威,周思豪,常康腾,Bronze,N,N
188,,南开大学,我没意见,2,242,黄子懿,苑华莹,郑原,Bronze,N,N
189,,福州大学,coder和他的两个眼缘队友,2,245,庄佳霖,吴泽凯,林文浩,Bronze,N,N
190,,南昌航空大学,冰与火之歌,2,248,王旻镐,张豪,蔡威,Bronze,N,N
191,111,西南民族大学,刻晴想吃cherry么,2,248,张珺开,肖振威,汪湘衡,Bronze,N,N
192,,浙江理工大学,赚钱小分队,2,248,瞿程浩,吴士超,楼家豪,Bronze,N,N
193,112,浙大宁波理工学院,笛卡尔鸡,2,252,胡向东,夏宇,吴亦初,Bronze,N,N
194,113,浙江工业大学,ZJUT6,2,255,陈天阳,苗子豪,薛予凡,Bronze,N,N
195,114,河南工业大学,攻壳机动队,2,255,孔维飒,李志豪,张君毅,Bronze,N,N
196,,深圳大学,SZU-Euclid,2,258,梁泽荣,蒋术焜,林烨堃,Bronze,N,N
197,,福建师范大学,随机队名,2,259,许泽昊,陈杨涛,周奕帆,Bronze,N,N
198,115,北京邮电大学,珊瑚宫心海,2,264,董凯文,高畅,董建威,Bronze,N,N
199,,西安电子科技大学,二重虹,2,267,石潇,花煦,周益全,Bronze,N,N
200,116,西北工业大学,东大村三巫师,2,268,杨莫凡,季昕泽,肖宇涵,Bronze,N,N
201,,苏州大学,咕咕咕咕咕咕咕咕咕,2,268,殷九思,林志诚,徐一,Bronze,N,N
202,116,哈尔滨工程大学,人菜瘾大,2,269,周智,常一帆,管袁菲,Bronze,N,N
203,118,南昌航空大学,斩首之夜,2,269,吴博雄,吕锴伦,王复兴,Bronze,N,N
204,,华东师范大学,正式参赛好开心,2,270,汪鼎尊,无,无,Bronze,N,N
205,119,中南大学,只能靠签到维生这样子,2,275,郭欣澜,包晗,周硕,Bronze,N,N
206,120,上海理工大学,令和三年的上海爱丽丝,2,275,潘孝安,无,无,Bronze,N,N
207,121,上海大学,还是你懂的多啊,2,276,王启隆,彭昊辉,康高熙,Bronze,N,N
208,,电子科技大学中山学院,文君志鸿队2022,2,280,陈佳宝,吴宝,林国杰,Bronze,N,N
209,,金华职业技术学院,XQ DDW,2,283,兰强强,褚茂誉,林宇浩,Bronze,N,N
210,,中国地质大学（武汉）,特困生,2,284,曹世杰,刘剑峰,秦浩然,Bronze,N,N
211,122,大连海事大学,队名无所谓,2,284,,,,Honorable,N,N
212,,华南师范大学,天江行者,2,284,,,,Honorable,N,N
213,123,东南大学,我走错了考场,2,285,,,,Honorable,N,N
214,123,哈尔滨工业大学（威海）,西伯利亚狼,2,286,,,,Honorable,N,N
215,,南京理工大学,小星星,2,286,,,,Honorable,N,N
216,125,南阳师范学院,皮卡皮卡,2,287,,,,Honorable,N,N
217,,江西师范大学,call of accept,2,288,,,,Honorable,N,N
218,125,湖南科技大学,天道酬勤,2,288,,,,Honorable,N,N
219,127,湖南文理学院,今天刷抖音了没,2,289,,,,Honorable,N,N
220,,郑州大学,圣嘉然之力,2,290,,,,Honorable,N,N
221,128,东北大学秦皇岛分校,GG仔,2,291,,,,Honorable,N,N
222,,中国民航大学,文明牛魔王想下班,2,292,,,,Honorable,N,N
223,,东南大学,墨西哥鸡肉卷,2,293,,,,Honorable,N,N
224,,上海海事大学,昆明考全蛙,2,293,,,,Honorable,N,N
225,,山东大学（威海）,来不及起名了,2,294,,,,Honorable,N,N
226,,中国人民大学,蒙古上单,2,295,,,,Honorable,N,N
227,,南京航空航天大学,教练，我想打电竞,2,297,,,,Honorable,N,N
228,129,浙江机电职业技术学院,蜜汁辣酱,2,297,,,,Honorable,N,N
229,,大连理工大学,航航今天吃什么,2,299,,,,Honorable,N,N
230,130,河南大学,十三号永动机,2,299,,,,Honorable,N,N
231,131,哈尔滨工业大学（威海）,青州街幼儿园,2,301,,,,Honorable,N,N
232,,西北师范大学,夕阳红战队之黄昏再出发,2,304,,,,Honorable,N,N
233,,武汉大学,不寄不摆不打铁,2,304,,,,Honorable,N,N
234,,北京邮电大学,未响应,2,307,,,,Honorable,N,N
235,132,潍坊学院,都来关注嘉然小姐,2,310,,,,Honorable,N,N
236,133,河南理工大学,手气最佳,2,313,,,,Honorable,N,N
237,134,中国地质大学（武汉）,背着队友偷偷wa题,2,313,,,,Honorable,N,N
238,134,重庆邮电大学,gnk48,2,314,,,,Honorable,N,N
239,134,山东理工大学,注意效率,2,315,,,,Honorable,N,N
240,,中国人民大学,三个人商量半天发现都不会取名于是就这样了,2,317,,,,Honorable,N,N
241,137,山东理工大学,皮卡Wa,2,317,,,,Honorable,N,N
242,,中国石油大学（华东）,金鑫亮晶晶,2,322,,,,Honorable,N,N
243,,南昌大学,我们都有美好的未来,2,322,,,,Honorable,N,N
244,,西南民族大学,求求让我们拿个奖吧,2,326,,,,Honorable,N,N
245,138,南京信息工程大学,从零开始的ACM生活,2,326,,,,Honorable,N,N
246,139,青岛大学,好想有个学上,2,328,,,,Honorable,N,N
247,139,浙大城市学院,逃跑太阳,2,329,,,,Honorable,N,N
248,141,江苏科技大学,长山有矿,2,330,,,,Honorable,N,N
249,142,鲁东大学,星星之火,2,332,,,,Honorable,N,N
250,142,浙大城市学院,不摆烂从取队名开始,2,332,,,,Honorable,N,N
251,,武汉科技大学,AliCization,2,333,,,,Honorable,N,N
252,,济南大学,大膜术师,2,333,,,,Honorable,N,N
253,,上海大学,正在AC中,2,335,,,,Honorable,N,N
254,,东南大学,石骨泉心,2,336,,,,Honorable,N,N
255,,西安邮电大学,鮊纅孁鬏綦噁,2,339,,,,Honorable,N,N
256,,云南大学,【B限】第一次学代码,2,344,,,,Honorable,N,N
257,,江南大学,远坂凛粉丝队,2,346,,,,Honorable,N,N
258,,河北师范大学,懒羊羊与小灰灰,2,347,,,,Honorable,N,N
259,144,山东科技大学,NCC_1371 共和国号,2,347,,,,Honorable,N,N
260,144,华东交通大学,能不能不打铜,2,348,,,,Honorable,N,N
261,146,常州大学,塔塔开,2,350,,,,Honorable,N,N
262,,香港中文大学（深圳）,可爱天赐摸猫猫,2,350,,,,Honorable,N,N
263,,西安邮电大学,遇到困难睡大觉,2,351,,,,Honorable,N,N
264,,中南民族大学,回响,2,352,,,,Honorable,N,N
265,147,东北林业大学,kki,2,353,,,,Honorable,N,N
266,148,四川大学,狂风之力！,2,354,,,,Honorable,N,N
267,148,华中科技大学,打得不错,2,355,,,,Honorable,N,N
268,,河北师范大学,美羊羊与沸羊羊,2,359,,,,Honorable,N,N
269,150,广东工业大学,猫猫吃代码,2,360,,,,Honorable,N,N
270,151,青岛科技大学,123qwe,2,361,,,,Honorable,N,N
271,152,福州大学,新概念女队,2,365,,,,Honorable,N,N
272,,江南大学,OP战队,2,367,,,,Honorable,N,N
273,153,西北大学,闪电ac队,2,368,,,,Honorable,N,N
274,,河南科技大学,游戏玩家,2,369,,,,Honorable,N,N
275,154,河南理工大学,反方向的钟,2,373,,,,Honorable,N,N
276,,西北工业大学,翱翔快递队,2,373,,,,Honorable,N,N
277,155,浙江工业职业技术学院,浙江工业职业技术学院1队,2,375,,,,Honorable,N,N
278,,东华大学,关键字,2,377,,,,Honorable,N,N
279,,东北大学,东北大学_不喝百事,2,378,,,,Honorable,N,N
280,,浙江工业大学,ZJUT4,2,381,,,,Honorable,N,N
281,,福建师范大学,我们需要一个支持单点修改单点查询的数据结构,2,382,,,,Honorable,N,N
282,,潍坊学院,积极向上,2,383,,,,Honorable,N,N
283,156,杭州师范大学,这就是我们的AC路线,2,384,,,,Honorable,N,N
284,,广东工业大学,寂静之声,2,385,,,,Honorable,N,N
285,156,中原工学院,希望从河南电子科技大学毕业,2,385,,,,Honorable,N,N
286,158,武汉科技大学,敲的要快交的要帅,2,386,,,,Honorable,N,N
287,159,杭州师范大学,幼稚未完,2,387,,,,Honorable,N,N
288,159,山东理工大学,Wa哈哈,2,387,,,,Honorable,N,N
289,,浙江大学,So Cute,2,389,,,,Honorable,N,N
290,161,西南财经大学,世界征服者,2,390,,,,Honorable,N,N
291,,盐城工学院,赟赟之队,2,393,,,,Honorable,N,N
292,161,哈尔滨商业大学,先行者,2,394,,,,Honorable,N,N
293,,江西师范大学,你百度一下,2,394,,,,Honorable,N,N
294,161,浙江工业大学之江学院,三人四级五百分,2,399,,,,Honorable,N,N
295,,青岛科技大学,肖申克,2,400,,,,Honorable,N,N
296,164,厦门大学,乐观向上,2,400,,,,Honorable,N,N
297,,华中师范大学,比赛-读题-下班,2,402,,,,Honorable,N,N
298,,哈尔滨工程大学,三头老猫,2,403,,,,Honorable,N,N
299,165,长安大学,塔塔开,2,403,,,,Honorable,N,N
300,165,南昌航空大学,逸一时误一世,2,404,,,,Honorable,N,N
301,165,河海大学,溪午闻钟,2,404,,,,Honorable,N,N
302,,宁波大学,错误答案重度依赖,2,404,,,,Honorable,N,N
303,168,鲁东大学,凯酱应援团,2,405,,,,Honorable,N,N
304,,青岛科技大学,奥卡姆剃刀,2,405,,,,Honorable,N,N
305,,武汉轻工大学,武汉轻工大学一队,2,406,,,,Honorable,N,N
306,169,天津大学,不Fe不改名,2,406,,,,Honorable,N,N
307,170,北京工业大学,啊对对对,2,407,,,,Honorable,N,N
308,,湘潭大学,面对疾风吧,2,407,,,,Honorable,N,N
309,,成都东软学院,nnd为什么不队,2,410,,,,Honorable,N,N
310,,浙大宁波理工学院,这天我相信了光,2,411,,,,Honorable,N,N
311,,北京航空航天大学,原来你也打XCPC,2,412,,,,Honorable,N,N
312,,长沙学院,飞天小女警,2,412,,,,Honorable,N,N
313,,青岛大学,LOL自动机,2,414,,,,Honorable,N,N
314,171,西南科技大学,可见光,2,415,,,,Honorable,N,N
315,,闽南师范大学,三个新铁匠,2,416,,,,Honorable,N,N
316,,北方工业大学,NCUT2,2,417,,,,Honorable,N,N
317,,西北大学,我是谁,2,419,,,,Honorable,N,N
318,172,南开大学,难♂铜,2,419,,,,Honorable,N,N
319,,深圳技术大学,破晓,2,420,,,,Honorable,N,N
320,,广东东软学院,三个寄俩,2,420,,,,Honorable,N,N
321,173,北方工业大学,好运来,2,421,,,,Honorable,N,N
322,,哈尔滨理工大学,哈理工05队,2,422,,,,Honorable,N,N
323,,桂林电子科技大学,我们队长考青大落榜了,2,423,,,,Honorable,N,N
324,,河北工业大学,只能打铁,2,424,,,,Honorable,N,N
325,,中山大学新华学院,a一题就溜,2,426,,,,Honorable,N,N
326,,武汉大学,最后轻语,2,426,,,,Honorable,N,N
327,,东华大学,大二陪跑队,2,430,,,,Honorable,N,N
328,174,西北农林科技大学,同一个梦想,2,431,,,,Honorable,N,N
329,175,河北工业大学,先打他一块铁,2,434,,,,Honorable,N,N
330,,河南财经政法大学,全队儿的希望,2,436,,,,Honorable,N,N
331,,中国矿业大学,大四单身狗,2,436,,,,Honorable,N,N
332,,四川旅游学院,红温兰博,2,439,,,,Honorable,N,N
333,,兰州理工大学,董芳洁、石树桃、许思沁 全球粉丝后援团,2,441,,,,Honorable,N,N
334,176,湖南人文科技学院,妈妈，我做到了,2,445,,,,Honorable,N,N
335,176,东北大学,东北大学_浮生六记,2,447,,,,Honorable,N,N
336,,天津理工大学,打铁还需自身硬,2,452,,,,Honorable,N,N
337,,西南大学,JK触发器,2,454,,,,Honorable,N,N
338,,国防科技大学,三个弱鸡的金牌之路,2,454,,,,Honorable,N,N
339,,杭州师范大学,我超勇的,2,454,,,,Honorable,N,N
340,,深圳大学,SZU-Dijkstra,2,455,,,,Honorable,N,N
341,178,北京师范大学,网络流,2,456,,,,Honorable,N,N
342,,江苏大学,三星金克斯,2,456,,,,Honorable,N,N
343,,湖南农业大学,湖南农大子弟小学17队,2,462,,,,Honorable,N,N
344,,南华大学,三个代表,2,463,,,,Honorable,N,N
345,,广东工业大学,难兄难弟,2,464,,,,Honorable,N,N
346,,武汉科技大学,终幕蔷薇,2,465,,,,Honorable,N,N
347,179,中国计量大学,只回韬韬,2,469,,,,Honorable,N,N
348,,东北林业大学,拿个牌子就退役,2,470,,,,Honorable,N,N
349,180,华北水利水电大学,用爆零给大家带来笑容,2,471,,,,Honorable,N,N
350,180,湖南工业大学,气球怎么全漏气了,2,473,,,,Honorable,N,N
351,182,重庆邮电大学,阿尔托莉雅,2,473,,,,Honorable,N,N
352,,中国石油大学（华东）,三院盟,2,475,,,,Honorable,N,N
353,,辽宁大学,非日常的日常,2,478,,,,Honorable,N,N
354,,石家庄铁道大学,Szz的航空母舰,2,484,,,,Honorable,N,N
355,,天津大学,铁匠打甜酱,2,485,,,,Honorable,N,N
356,183,华东师范大学,泠鸢yousa没有腿,2,487,,,,Honorable,N,N
357,184,中原工学院,wa了，但没有完全wa,2,494,,,,Honorable,N,N
358,,浙江理工大学,飞飞,2,495,,,,Honorable,N,N
359,,南京工业大学,非全菜,2,496,,,,Honorable,N,N
360,,华南农业大学,被虐中慢慢成佛,2,497,,,,Honorable,N,N
361,,中国民航大学,小虎队,2,502,,,,Honorable,N,N
362,,青岛科技大学,提拉塔嘛的喇嘛拿塔嘛打了别喇叭的哑巴一塔嘛,2,502,,,,Honorable,N,N
363,,电子科技大学中山学院,ZSC_现在可不是瞌睡的时候啦~,2,505,,,,Honorable,N,N
364,,哈尔滨理工大学,哈理工18队,2,505,,,,Honorable,N,N
365,,南京航空航天大学,幺鸡小分队,2,505,,,,Honorable,N,N
366,,南阳理工学院,队友上机我开摆,2,517,,,,Honorable,N,N
367,,燕山大学,雨无雪无梦,2,518,,,,Honorable,N,N
368,185,贵州大学,猎荒者小队,2,519,,,,Honorable,N,N
369,,兰州大学,络合物,2,520,,,,Honorable,N,N
370,186,青岛大学,均衡教派,2,521,,,,Honorable,N,N
371,187,中北大学,青草池塘处处WA,2,521,,,,Honorable,N,N
372,,浙江机电职业技术学院,漫步红尘,2,521,,,,Honorable,N,N
373,,乐山师范学院,wa说谎言，ac说真相,2,526,,,,Honorable,N,N
374,,安徽工程大学,刘华强买瓜,2,531,,,,Honorable,N,N
375,188,中国石油大学（北京）,石油滚滚流,2,536,,,,Honorable,N,N
376,,浙江农林大学,楼下大哥别过题了求求,2,542,,,,Honorable,N,N
377,189,浙江中医药大学,三花聚顶,2,546,,,,Honorable,N,N
378,,嘉应学院,吃饭不张口,2,560,,,,Honorable,N,N
379,,华南理工大学,路人选手的AC方法,2,561,,,,Honorable,N,N
380,,集美大学,三氧化二铁,2,582,,,,Honorable,N,N
381,,苏州大学,555我的炸鸡,2,588,,,,Honorable,N,N
382,190,河海大学常州校区,三哇,2,589,,,,Honorable,N,N
383,,中国科学技术大学,划水摸鱼队,2,594,,,,Honorable,N,N
384,,厦门大学,比奇堡三恶霸,2,599,,,,Honorable,N,N
385,,重庆大学,听取WA声一片,2,602,,,,Honorable,N,N
386,,山东师范大学,蒙古上单,2,605,,,,Honorable,N,N
387,191,郑州轻工业大学,这起名多是一件美事,2,611,,,,Honorable,N,N
388,192,湖北工业大学,一架飞机天上飞，两架飞机地上追,2,612,,,,Honorable,N,N
389,,广西大学,不死鸟,2,634,,,,Honorable,N,N
390,193,东南大学,首阳队,2,644,,,,Honorable,N,N
391,194,中国矿业大学（北京）,随缘,2,663,,,,Honorable,N,N
392,,国防科技大学,希望号,2,663,,,,Honorable,N,N
393,195,中国计量大学,沃斯尼蝶,2,666,,,,Honorable,N,N
394,,暨南大学,三人成wa,2,667,,,,Honorable,N,N
395,196,中南民族大学,找不到411,2,670,,,,Honorable,N,N
396,197,金陵科技学院,万万没想到,2,673,,,,Honorable,N,N
397,,中原工学院,这是什么,2,689,,,,Honorable,N,N
398,,中北大学,天晨破晓,2,709,,,,Honorable,N,N
399,,常熟理工学院,这AC多是一件美逝啊,2,744,,,,Honorable,N,N
400,,山东大学,问题不大,2,788,,,,Honorable,N,N
401,198,河南大学,怪兽暴打奥特曼,2,797,,,,Honorable,N,N
402,,西安工业大学,西北枢纽,2,827,,,,Honorable,N,N
403,199,湖南第一师范学院,男铜队,1,20,,,,Honorable,N,N
404,,河南科技大学,锟斤拷,1,23,,,,Honorable,N,N
405,,浙江工商大学,摸鱼组,1,24,,,,Honorable,N,N
406,200,肇庆学院,北岭山脚信步,1,25,,,,Honorable,N,N
407,,烟台大学,做的都队,1,25,,,,Honorable,N,N
408,201,沈阳航空航天大学,黎明前线,1,30,,,,Honorable,N,N
409,202,东北大学秦皇岛分校,该队名未通过审核,1,32,,,,Honorable,N,N
410,,辽宁工程技术大学,太阳石之光,1,33,,,,Honorable,N,N
411,203,湖北经济学院,举个小星星,1,34,,,,Honorable,N,N
412,204,徐州工程学院,队名我想想,1,34,,,,Honorable,N,N
413,205,浙江工业大学之江学院,三人游,1,35,,,,Honorable,N,N
414,205,浙大城市学院,半次元,1,35,,,,Honorable,N,N
415,,河南理工大学,NullNamespace,1,36,,,,Honorable,N,N
416,,上海大学,凑热闹队,1,39,,,,Honorable,N,N
417,207,绍兴文理学院元培学院,保一争二,1,42,,,,Honorable,N,N
418,,浙江师范大学,启明星,1,43,,,,Honorable,N,N
419,,浙江农林大学,陈莲仁不容逸,1,44,,,,Honorable,N,N
420,208,中国计量大学,已经没什么好怕的了,1,46,,,,Honorable,N,N
421,,华中农业大学,鸡汤来喽,1,46,,,,Honorable,N,N
422,,华北理工大学,衬衫尺寸没5X,1,47,,,,Honorable,N,N
423,209,北京工业大学,比完赛吃麦当劳,1,47,,,,Honorable,N,N
424,,西南科技大学,小丑,1,47,,,,Honorable,N,N
425,210,南方科技大学,南方科技大学-瓦伦西亚,1,47,,,,Honorable,N,N
426,,温州大学,三点共面,1,48,,,,Honorable,N,N
427,,华南农业大学,歪歪歪,1,48,,,,Honorable,N,N
428,211,西北师范大学,辉夜大小姐想让我拿牌～蒟蒻们的罚坐头脑战～,1,51,,,,Honorable,N,N
429,,西南民族大学,轨迹,1,52,,,,Honorable,N,N
430,,厦门大学,攻城狮,1,52,,,,Honorable,N,N
431,,江西理工大学,zlz,1,52,,,,Honorable,N,N
432,212,西安理工大学,德鲁比,1,53,,,,Honorable,N,N
433,,桂林电子科技大学,关于群友都有数理基础这件事,1,55,,,,Honorable,N,N
434,212,华中师范大学,六边形战士,1,56,,,,Honorable,N,N
435,,广东工业大学,宇宙年级舰队,1,57,,,,Honorable,N,N
436,,东华理工大学,给块牌子吧,1,58,,,,Honorable,N,N
437,,齐鲁工业大学,美味风蛇,1,58,,,,Honorable,N,N
438,,嘉应学院,菜狗,1,60,,,,Honorable,N,N
439,214,衡阳师范学院,雁去,1,61,,,,Honorable,N,N
440,,烟台大学,启迪星,1,61,,,,Honorable,N,N
441,,浙江科技学院,今天吃饭了吗,1,62,,,,Honorable,N,N
442,,福建农林大学,乌拉,1,62,,,,Honorable,N,N
443,,华南农业大学,你怎么知道我们学校双一流了,1,62,,,,Honorable,N,N
444,,武汉大学,去月球,1,62,,,,Honorable,N,N
445,215,温州大学,重生之我要拿牌子,1,63,,,,Honorable,N,N
446,215,武汉理工大学,AC防火墙,1,63,,,,Honorable,N,N
447,,阜阳师范大学,第七路军,1,65,,,,Honorable,N,N
448,,东北林业大学,线性发散,1,67,,,,Honorable,N,N
449,215,浙江农林大学暨阳学院,黎明男孩,1,69,,,,Honorable,N,N
450,218,江西师范大学,是否不过CET真的能变强,1,70,,,,Honorable,N,N
451,218,武汉工程大学,算法滴水我滴泪,1,70,,,,Honorable,N,N
452,218,战略支援部队信息工程大学,随机队,1,72,,,,Honorable,N,N
453,,周口师范学院,您的队伍名字（中文）,1,72,,,,Honorable,N,N
454,,广东财经大学,桥洞盖小被,1,73,,,,Honorable,N,N
455,221,山东工商学院,所向皆破,1,73,,,,Honorable,N,N
456,,华南农业大学,想做嘉然小姐的狗,1,73,,,,Honorable,N,N
457,,湖南工业大学,队名不能为空,1,74,,,,Honorable,N,N
458,,吉首大学,100%萌新,1,74,,,,Honorable,N,N
459,,大连海事大学,随随便便拿牌队,1,74,,,,Honorable,N,N
460,,广州中医药大学,这一波三杀,1,75,,,,Honorable,N,N
461,,武汉理工大学,御坂御坂网络,1,75,,,,Honorable,N,N
462,,中国海洋大学,银川办的蛮好的你把它去换了干什么,1,76,,,,Honorable,N,N
463,222,惠州学院,只k样例,1,77,,,,Honorable,N,N
464,222,浙江理工大学,公海收收米,1,77,,,,Honorable,N,N
465,,重庆科技学院,多A两个题吧,1,78,,,,Honorable,N,N
466,224,郑州轻工业大学,重生之我是Hao哥,1,79,,,,Honorable,N,N
467,,合肥工业大学,心废复苏,1,81,,,,Honorable,N,N
468,,曲阜师范大学,王佳琪天下第一！,1,83,,,,Honorable,N,N
469,225,武汉理工大学,点外卖,1,83,,,,Honorable,N,N
470,226,韶关学院,追梦者,1,83,,,,Honorable,N,N
471,,新疆师范大学,xjnu_01,1,83,,,,Honorable,N,N
472,227,山东理工大学,Excalibur,1,83,,,,Honorable,N,N
473,,中国计量大学,铁匠,1,84,,,,Honorable,N,N
474,,湖北工业大学,哇哈哈,1,84,,,,Honorable,N,N
475,,广州大学,逝华虚梦,1,85,,,,Honorable,N,N
476,227,湖南师范大学,磁铁必不可能吸起奖牌,1,86,,,,Honorable,N,N
477,,武汉纺织大学,寄汤来咯,1,87,,,,Honorable,N,N
478,,兰州理工大学,AC了个寂寞,1,87,,,,Honorable,N,N
479,,南开大学,罗翔说算法,1,88,,,,Honorable,N,N
480,,华东交通大学,心心向银,1,88,,,,Honorable,N,N
481,,南阳理工学院,HaveFun,1,88,,,,Honorable,N,N
482,,南华大学,国家汪汪大队,1,89,,,,Honorable,N,N
483,,吉首大学,世界上最幸福的珂朵莉,1,89,,,,Honorable,N,N
484,,山东科技大学,NCC_26531 埃克塞特号,1,91,,,,Honorable,N,N
485,229,惠州学院,青青草原,1,92,,,,Honorable,N,N
486,230,徐州工程学院,绿箭,1,93,,,,Honorable,N,N
487,,南昌大学,卢本伟牛逼,1,93,,,,Honorable,N,N
488,,安徽工业大学,陪你度过漫长岁月,1,94,,,,Honorable,N,N
489,,合肥工业大学宣城校区,面向样例编程,1,95,,,,Honorable,N,N
490,,成都理工大学,空,1,96,,,,Honorable,N,N
491,231,嘉兴学院,我们队长四级考了405,1,98,,,,Honorable,N,N
492,,厦门大学嘉庚学院,啊对对队,1,99,,,,Honorable,N,N
493,,浙江万里学院,呜哇呜,1,101,,,,Honorable,N,N
494,,湖南人文科技学院,天才卡题少年,1,101,,,,Honorable,N,N
495,,西北农林科技大学,陈老师你快支棱起来啊,1,102,,,,Honorable,N,N
496,,三峡大学,奖牌,1,102,,,,Honorable,N,N
497,,贵州大学,啊对对对,1,104,,,,Honorable,N,N
498,232,江西财经大学,啊对对对,1,104,,,,Honorable,N,N
499,,南京工业大学,打铁小分队,1,105,,,,Honorable,N,N
500,233,浙江理工大学,F1ow,1,106,,,,Honorable,N,N
501,233,内蒙古大学,晚安,1,107,,,,Honorable,N,N
502,,三峡大学,三角,1,109,,,,Honorable,N,N
503,,大连海事大学,海大渔业,1,109,,,,Honorable,N,N
504,233,安徽大学,超市里,1,110,,,,Honorable,N,N
505,,西南民族大学,渊渟岳峙,1,111,,,,Honorable,N,N
506,,浙江中医药大学,三个葫芦爷,1,114,,,,Honorable,N,N
507,,南昌理工学院,今晚打老虎,1,115,,,,Honorable,N,N
508,236,中国石油大学（北京）,都行 你们随便取一个,1,115,,,,Honorable,N,N
509,236,浙江机电职业技术学院,我是谁,1,117,,,,Honorable,N,N
510,,重庆科技学院,快乐小屋,1,118,,,,Honorable,N,N
511,238,江西理工大学,这一wa叫晚安,1,118,,,,Honorable,N,N
512,,湖南农业大学东方科技学院,以下犯上,1,118,,,,Honorable,N,N
513,,湖南师范大学,鲜花饼的头号粉丝,1,119,,,,Honorable,N,N
514,,郑州大学,郑在路上,1,119,,,,Honorable,N,N
515,,中国矿业大学（北京）,因为太笨太懒就只好摆烂制杖队,1,121,,,,Honorable,N,N
516,,沈阳航空航天大学,打铁冠军,1,121,,,,Honorable,N,N
517,,山东建筑大学,魔法少男,1,121,,,,Honorable,N,N
518,239,浙江育英职业技术学院,我们都有绿马,1,122,,,,Honorable,N,N
519,,兰州理工大学,K-ON,1,122,,,,Honorable,N,N
520,,中国石油大学胜利学院,不可以色色,1,126,,,,Honorable,N,N
521,,电子科技大学中山学院,新生一队,1,128,,,,Honorable,N,N
522,,天津工业大学,专注分母二十年,1,128,,,,Honorable,N,N
523,240,韶关学院,多AC一题,1,128,,,,Honorable,N,N
524,,重庆交通大学,HuangWangGuo,1,129,,,,Honorable,N,N
525,241,中南民族大学,吃五碗饭,1,130,,,,Honorable,N,N
526,,中国石油大学（华东）,那没办法嘛,1,130,,,,Honorable,N,N
527,,江西理工大学南昌校区,挺过第一轮,1,131,,,,Honorable,N,N
528,242,河南大学,大河河大,1,131,,,,Honorable,N,N
529,,嘉应学院,加入光荣的进化,1,132,,,,Honorable,N,N
530,,澳门科技大学,必须AC机,1,133,,,,Honorable,N,N
531,,华东交通大学,第四天灾,1,134,,,,Honorable,N,N
532,,华中科技大学,Reborn as an ACMer,1,134,,,,Honorable,N,N
533,,重庆大学,真正的嘉心糖,1,134,,,,Honorable,N,N
534,,东北师范大学,三个铁沸物,1,135,,,,Honorable,N,N
535,243,天津商业大学,什么都,1,136,,,,Honorable,N,N
536,,西北农林科技大学,没道理啊不应该啊,1,136,,,,Honorable,N,N
537,,暨南大学,宁海航,1,137,,,,Honorable,N,N
538,,安徽工业大学,早上吃什么,1,138,,,,Honorable,N,N
539,244,天津大学,队栈溢出,1,139,,,,Honorable,N,N
540,,上海海洋大学,临港贝极星,1,139,,,,Honorable,N,N
541,,上海海事大学,渴能不秽,1,139,,,,Honorable,N,N
542,,成都信息工程大学,阿萨辛,1,140,,,,Honorable,N,N
543,245,西安理工大学,神奇的力量,1,140,,,,Honorable,N,N
544,,苏州大学,东吴三侠,1,141,,,,Honorable,N,N
545,,北京化工大学,红绿灯,1,141,,,,Honorable,N,N
546,,太原理工大学,好友成堆队,1,142,,,,Honorable,N,N
547,246,南昌航空大学,天动万象,1,142,,,,Honorable,N,N
548,,浙大城市学院,队名不知道叫什么,1,143,,,,Honorable,N,N
549,,南京航空航天大学,拿不到金牌也有女朋友队,1,143,,,,Honorable,N,N
550,247,中国人民大学,搬起我的小板凳,1,143,,,,Honorable,N,N
551,,内蒙古大学,WeallAC,1,145,,,,Honorable,N,N
552,247,大连东软信息学院,捏他王,1,146,,,,Honorable,N,N
553,,西南石油大学,wa了那咋办嘛,1,146,,,,Honorable,N,N
554,,山东师范大学,给我个气球吧,1,148,,,,Honorable,N,N
555,,青岛农业大学,九五至尊,1,148,,,,Honorable,N,N
556,249,宁波大学,三个核桃,1,149,,,,Honorable,N,N
557,,常熟理工学院,钝角,1,150,,,,Honorable,N,N
558,,湖北文理学院,卧龙山,1,151,,,,Honorable,N,N
559,,湖南文理学院,木已成舟,1,151,,,,Honorable,N,N
560,250,北京师范大学,谢谢卡尔,1,151,,,,Honorable,N,N
561,,湖南科技大学,摸鱼大师,1,152,,,,Honorable,N,N
562,,合肥学院,菲尼克斯,1,152,,,,Honorable,N,N
563,,华南理工大学,oOvO,1,154,,,,Honorable,N,N
564,,河海大学,肉蛋葱鸡,1,155,,,,Honorable,N,N
565,251,西南交通大学,我们的愿望是全员脱单,1,156,,,,Honorable,N,N
566,251,湖南文理学院,狂点技能树,1,158,,,,Honorable,N,N
567,,重庆交通大学,重交吴彦组,1,158,,,,Honorable,N,N
568,,广西外国语学院,哒咩哒咩,1,158,,,,Honorable,N,N
569,,南阳师范学院,红烧杰尼龟,1,159,,,,Honorable,N,N
570,,青岛农业大学,咏唱猫皮,1,163,,,,Honorable,N,N
571,253,河南大学,鸡汤来喽！,1,164,,,,Honorable,N,N
572,254,山东财经大学,魁拔,1,166,,,,Honorable,N,N
573,254,惠州学院,代码只有一行,1,169,,,,Honorable,N,N
574,254,苏州大学,哪里签到啊,1,169,,,,Honorable,N,N
575,,黑龙江大学,世界终焉即是AC开始,1,170,,,,Honorable,N,N
576,,广西大学,步履蹒跚的残疾芥末火锅,1,171,,,,Honorable,N,N
577,,贵州大学,把题做队,1,172,,,,Honorable,N,N
578,,西北工业大学,芜湖起飞,1,172,,,,Honorable,N,N
579,,合肥学院,三只松鼠,1,174,,,,Honorable,N,N
580,,南阳理工学院,AC小兔队,1,180,,,,Honorable,N,N
581,,浙江财经大学,读题困难户,1,180,,,,Honorable,N,N
582,257,湘潭大学,签到成功队,1,182,,,,Honorable,N,N
583,258,黑龙江工程学院,蒟蒻渴望AC,1,184,,,,Honorable,N,N
584,,湖北经济学院,一点浩然气,1,184,,,,Honorable,N,N
585,259,华南师范大学,123456,1,185,,,,Honorable,N,N
586,260,河海大学,你甚至能在可每队发现一只猫猫,1,186,,,,Honorable,N,N
587,,重庆大学,随机字符串,1,190,,,,Honorable,N,N
588,261,浙江工业大学之江学院,蔚总的两个手指挂件,1,190,,,,Honorable,N,N
589,,广西大学,转发教务处通知，下周继续线上教学,1,197,,,,Honorable,N,N
590,262,桂林电子科技大学,灰化肥不会挥发,1,197,,,,Honorable,N,N
591,,浙江中医药大学,ZCMU-咩咩咩咩咩,1,198,,,,Honorable,N,N
592,,福州职业技术学院,你没事就吃溜溜梅,1,201,,,,Honorable,N,N
593,,华中农业大学,通通拿下,1,203,,,,Honorable,N,N
594,,中国海洋大学,张可的家,1,203,,,,Honorable,N,N
595,,合肥学院,没有人能拒绝我龙傲天,1,204,,,,Honorable,N,N
596,,长安大学,纯爱溜溜球,1,205,,,,Honorable,N,N
597,263,华北电力大学（保定）,华北电力大学（保定）代表队,1,207,,,,Honorable,N,N
598,264,西安邮电大学,喵喵喵,1,207,,,,Honorable,N,N
599,,西南石油大学,三元运算律,1,207,,,,Honorable,N,N
600,,江苏理工学院,三保零,1,209,,,,Honorable,N,N
601,,福建师范大学,想成为男铜,1,210,,,,Honorable,N,N
602,,济南大学,风向仪,1,211,,,,Honorable,N,N
603,265,山东科技大学,NCC_26136 朱可夫号,1,212,,,,Honorable,N,N
604,,中南林业科技大学,邪恶彩虹暴龙战神-至臻,1,214,,,,Honorable,N,N
605,,西南交通大学,唯,1,216,,,,Honorable,N,N
606,266,西安理工大学,wa自动机,1,216,,,,Honorable,N,N
607,,华南师范大学,两肉一菜,1,220,,,,Honorable,N,N
608,,中国石油大学（华东）,金添我温柔不了,1,220,,,,Honorable,N,N
609,267,三峡大学,智慧,1,220,,,,Honorable,N,N
610,,长沙理工大学,霸道数学爱上我,1,221,,,,Honorable,N,N
611,268,中北大学,AKA小白菜,1,222,,,,Honorable,N,N
612,269,宁夏大学,这次一定做点事,1,222,,,,Honorable,N,N
613,270,郑州大学,重生之AK战神,1,224,,,,Honorable,N,N
614,,乐山师范学院,啊对对队,1,226,,,,Honorable,N,N
615,,河北师范大学,啊对对队,1,228,,,,Honorable,N,N
616,,湖南理工学院,创建新队,1,232,,,,Honorable,N,N
617,,肇庆学院,北岭山巅远眺,1,235,,,,Honorable,N,N
618,271,云南大学,云大第一深情队,1,236,,,,Honorable,N,N
619,,西南石油大学,零一,1,236,,,,Honorable,N,N
620,,长江师范学院,妙wa种子,1,245,,,,Honorable,N,N
621,,肇庆学院,北岭山间戏水,1,247,,,,Honorable,N,N
622,,兰州大学,先生请问你要买朵花吗,1,248,,,,Honorable,N,N
623,,南京师范大学,卡其色,1,248,,,,Honorable,N,N
624,,东华理工大学,阿波罗,1,248,,,,Honorable,N,N
625,,广州中医药大学,一路AC,1,249,,,,Honorable,N,N
626,272,浙江育英职业技术学院,派大星队,1,249,,,,Honorable,N,N
627,,武汉商学院,我想要只冰墩墩,1,249,,,,Honorable,N,N
628,,黄河科技学院,我每天都要看妞保持心情愉悦,1,253,,,,Honorable,N,N
629,273,河南师范大学,河狮,1,256,,,,Honorable,N,N
630,,浙江育英职业技术学院,三打排骨精,1,257,,,,Honorable,N,N
631,274,湖南人文科技学院,听说集齐七块精铁可以晋升全职铁匠,1,258,,,,Honorable,N,N
632,,广东技术师范大学,夏日弥光,1,260,,,,Honorable,N,N
633,275,长江师范学院,上台领奖,1,263,,,,Honorable,N,N
634,,重庆交通大学,线段树守卫,1,263,,,,Honorable,N,N
635,,郑州轻工业大学,远枫,1,264,,,,Honorable,N,N
636,276,湖北中医药大学,别看榜了快写题,1,266,,,,Honorable,N,N
637,,华北理工大学,追光者,1,266,,,,Honorable,N,N
638,,湖南中医药大学,沉迷于乃万,1,276,,,,Honorable,N,N
639,277,湖南大学,看看JK,1,276,,,,Honorable,N,N
640,,湖南师范大学,编译与魔法,1,280,,,,Honorable,N,N
641,,山东工商学院,欸嘿是什么意思啊,1,284,,,,Honorable,N,N
642,,南京邮电大学,樱花庄的AC男孩,1,288,,,,Honorable,N,N
643,,安阳工学院,稳重,1,295,,,,Honorable,N,N
644,278,长江师范学院,想不出啥名,1,295,,,,Honorable,N,N
645,,东北大学,东北大学_没人比我更懂评测机,1,296,,,,Honorable,N,N
646,279,浙江工商大学,且共从容,1,298,,,,Honorable,N,N
647,,宜春学院,Bo_bo 粉丝俱乐部,1,298,,,,Honorable,N,N
648,,西北师范大学,清纯大学生,1,299,,,,Honorable,N,N
649,,西安工业大学,WA着上榜,1,302,,,,Honorable,N,N
650,,山西大学,登崇俊良队,1,302,,,,Honorable,N,N
651,,电子科技大学中山学院,交个朋友,1,305,,,,Honorable,N,N
652,,洛阳师范学院,德光带我走吧,1,308,,,,Honorable,N,N
653,280,山东科技大学,NCC_32591 斯台克号,1,310,,,,Honorable,N,N
654,,重庆邮电大学移通学院,大佬带新手,1,310,,,,Honorable,N,N
655,,上海大学,待会去码头整点薯条,1,316,,,,Honorable,N,N
656,,中国矿业大学徐海学院,伊蕾娜今天吃什么,1,323,,,,Honorable,N,N
657,,湖北第二师范学院,HUE_TBT,1,324,,,,Honorable,N,N
658,,哈尔滨工业大学（威海）,球达不溜球,1,325,,,,Honorable,N,N
659,,韶关学院,SGU经验宝宝,1,326,,,,Honorable,N,N
660,,江西财经大学,破茧,1,330,,,,Honorable,N,N
661,,韩山师范学院,玫瑰常开警告常在,1,344,,,,Honorable,N,N
662,,安阳师范学院,流汗黄豆,1,352,,,,Honorable,N,N
663,,大连理工大学,三方旅人,1,352,,,,Honorable,N,N
664,,成都东软学院,Ac菜鸟,1,353,,,,Honorable,N,N
665,,西南交通大学,CF800_Plus,1,357,,,,Honorable,N,N
666,,上海海事大学,海事铁矿加工有限公司,1,360,,,,Honorable,N,N
667,281,贵州工程应用技术学院,三人组,1,367,,,,Honorable,N,N
668,282,北京化工大学,肝，都能肝,1,369,,,,Honorable,N,N
669,,重庆邮电大学移通学院,三个打铁匠,1,370,,,,Honorable,N,N
670,,浙江中医药大学,ZCMU-滴！绿码通行！,1,371,,,,Honorable,N,N
671,,国防科技大学,你说的都队,1,377,,,,Honorable,N,N
672,283,绍兴文理学院元培学院,冲动是魔鬼,1,387,,,,Honorable,N,N
673,,惠州学院,施工队,1,393,,,,Honorable,N,N
674,284,广州中医药大学,不爱取名字,1,394,,,,Honorable,N,N
675,,南昌理工学院,AKA南理三壮士,1,394,,,,Honorable,N,N
676,,大连大学,三位一体,1,398,,,,Honorable,N,N
677,285,南昌理工学院,写不出对象,1,398,,,,Honorable,N,N
678,286,战略支援部队信息工程大学,白金之心,1,399,,,,Honorable,N,N
679,,太原理工大学,过题就是胜利,1,399,,,,Honorable,N,N
680,,齐鲁工业大学,滴滴嘟嘟,1,401,,,,Honorable,N,N
681,,华中农业大学,啊对对对,1,422,,,,Honorable,N,N
682,,战略支援部队信息工程大学,三人成行,1,434,,,,Honorable,N,N
683,,北京电子科技学院,电科院,1,434,,,,Honorable,N,N
684,,大连理工大学(盘锦),梦想还是要有的,1,438,,,,Honorable,N,N
685,,南华大学,陪可莉去打ACM,1,445,,,,Honorable,N,N
686,,厦门大学嘉庚学院,不知道叫什么,1,451,,,,Honorable,N,N
687,,湖南涉外经济学院,AC自动机不能自动AC,1,474,,,,Honorable,N,N
688,,山东工商学院,积极向上,1,475,,,,Honorable,N,N
689,,广东东软学院,老打印机,1,482,,,,Honorable,N,N
690,,湖南文理学院,五点钟,1,487,,,,Honorable,N,N
691,,乐山师范学院,不拿牌子不是人,1,499,,,,Honorable,N,N
692,,内蒙古大学,曲背之李四吃香蕉,1,527,,,,Honorable,N,N
693,,太原理工大学,爆零菜鸟队,1,533,,,,Honorable,N,N
694,,中国石油大学胜利学院,山中月水中石,1,565,,,,Honorable,N,N
695,,西南交通大学,后缀自动窜天猴,1,595,,,,Honorable,N,N
696,,齐鲁工业大学,男子三人划水冠军,1,619,,,,Honorable,N,N
697,287,中央民族大学,墨洛,0,0,,,,Honorable,N,N
698,,重庆科技学院,摆队,0,0,,,,Honorable,N,N
699,,中国海洋大学,到此一游,0,0,,,,Honorable,N,N
700,,中国矿业大学（北京）,落第骑士,0,0,,,,Honorable,N,N
701,287,中国民航大学,三人成行,0,0,,,,Honorable,N,N
702,,中国石油大学（北京）,人家Carry我Sorry,0,0,,,,Honorable,N,N
703,,浙江万里学院,三只小猪,0,0,,,,Honorable,N,N
704,,中北大学,金刚葫芦娃,0,0,,,,Honorable,N,N
705,,浙大宁波理工学院,我是火车王,0,0,,,,Honorable,N,N
706,,浙江科技学院,浙科二十队,0,0,,,,Honorable,N,N
707,,唐山学院,墨西哥玉米薄饼卷星期天,0,0,,,,Honorable,N,N
708,,上海电机学院,电机小子蛙蛙协会,0,0,,,,Honorable,N,N
709,,山东财经大学,大康神护体,0,0,,,,Honorable,N,N
710,,山东大学（威海）,抽一道幸运题目被我AC,0,0,,,,Honorable,N,N
711,,内蒙古师范大学,3FM,0,0,,,,Honorable,N,N
712,,盐城工学院,啊对对对,0,0,,,,Honorable,N,N
713,,战略支援部队信息工程大学,不朽盾弓,0,0,,,,Honorable,N,N
714,,云南大学,A的不是很C,0,0,,,,Honorable,N,N
715,,云南师范大学,红茶,0,0,,,,Honorable,N,N
716,,长春工业大学,如获至宝,0,0,,,,Honorable,N,N
717,,湘潭大学,先锋养猪场,0,0,,,,Honorable,N,N
718,287,西南财经大学,梯度上升,0,0,,,,Honorable,N,N
719,287,西藏民族大学,秦汉,0,0,,,,Honorable,N,N
720,287,西南财经大学,面向样例程序设计,0,0,,,,Honorable,N,N
721,,天津工业大学,WA,0,0,,,,Honorable,N,N
722,287,天津工业大学,怎么又要起名啊,0,0,,,,Honorable,N,N
723,,武汉纺织大学,精神,0,0,,,,Honorable,N,N
724,,黑龙江外国语学院,地三鲜,0,0,,,,Honorable,N,N
725,,湖北经济学院,修仙,0,0,,,,Honorable,N,N
726,,湖南农业大学,两蒂蒂夹面包,0,0,,,,Honorable,N,N
727,,河北农业大学,算法从入门到入门,0,0,,,,Honorable,N,N
728,,河北经贸大学,铁三角炼金魔法阵,0,0,,,,Honorable,N,N
729,,广东财经大学,没有人比我更懂摆烂,0,0,,,,Honorable,N,N
730,,广东东软学院,永不秃头队,0,0,,,,Honorable,N,N
731,,广西民族大学,UnJuanable,0,0,,,,Honorable,N,N
732,,广西外国语学院,给TLE插上翅膀,0,0,,,,Honorable,N,N
733,,广西外国语学院,免费国家饭,0,0,,,,Honorable,N,N
734,,广西民族大学,EnJuantable,0,0,,,,Honorable,N,N
735,,广州大学,紫罗兰,0,0,,,,Honorable,N,N
736,287,江西理工大学南昌校区,打铁小分队,0,0,,,,Honorable,N,N
737,287,江西财经大学,explosion！,0,0,,,,Honorable,N,N
738,,江西财经大学,我还能A,0,0,,,,Honorable,N,N
739,,华中师范大学,迷惑菇,0,0,,,,Honorable,N,N
740,287,东北师范大学,半岛金盒,0,0,,,,Honorable,N,N
741,287,东北师范大学,极光,0,0,,,,Honorable,N,N
742,,东北师范大学,哲李好帅,0,0,,,,Honorable,N,N
743,,东华理工大学,时间刺客,0,0,,,,Honorable,N,N
744,287,成都大学,血火同源,0,0,,,,Honorable,N,N
745,,成都理工大学,啊对对对堆,0,0,,,,Honorable,N,N
746,,北京电子科技学院,电科院女生,0,0,,,,Honorable,N,N
747,,北京化工大学,AC自动机,0,0,,,,Honorable,N,N
748,287,北京科技大学,3苏不输,0,0,,,,Honorable,N,N
749,,北京建筑大学,超高速,0,0,,,,Honorable,N,N
750,,北京建筑大学,永恒的紫罗兰,0,0,,,,Honorable,N,N
751,,安徽财经大学,烫烫烫烫,0,0,,,,Honorable,N,N
752,287,北方工业大学,脱非入欧,0,0,,,,Honorable,N,N
753,,北方工业大学,福豹队,0,0,,,,Honorable,N,N
